_id,itemID,name,category,size,storage_type,stock_level,min_stock_level,max_stock_level,supplierID,locationID,created_at,updated_at
684707ceee1a259bd009532c,6,Fresh Vegetables,Food,L,refrigerated,120,30,200,3,6,2025-06-09 16:11:58.642000,2025-06-09 16:11:58.643000
684707ceee1a259bd009532b,5,Frozen Pizza,Food,M,refrigerated,100,20,150,3,5,2025-06-09 16:11:58.642000,2025-07-11 13:03:12.964000
684707ceee1a259bd0095328,2,Laptop ABC,Electronics,M,standard,115,10,100,1,2,2025-06-09 16:11:58.640000,2025-07-17 15:51:35.828000
684707ceee1a259bd0095329,3,T-shirt Large,Clothing,L,standard,265,50,500,2,3,2025-06-09 16:11:58.641000,2025-07-17 15:52:17.292000
684707ceee1a259bd009532a,4,Jeans Medium,Clothing,M,standard,174,30,300,2,4,2025-06-09 16:11:58.641000,2025-07-17 16:47:10.860000
684707ceee1a259bd009532d,7,Wireless Headphones,Electronics,S,standard,145,15,150,1,7,2025-06-09 16:11:58.643000,2025-07-17 05:03:37.288000
684707ceee1a259bd0095327,1,Smartphone XYZ,Electronics,S,standard,210,20,200,1,1,2025-06-09 16:11:58.639000,2025-07-17 15:51:04.023000
