_id,orderID,customerID,order_date,shipping_address,order_status,priority,notes,items_0_orderDetailID,items_0_itemID,items_0_quantity,items_0_price,items_0_fulfilled_quantity,items_0_created_at,items_0_updated_at,items_1_orderDetailID,items_1_itemID,items_1_quantity,items_1_price,items_1_fulfilled_quantity,items_1_created_at,items_1_updated_at,total_amount,assigned_worker,created_at,updated_at
684707cfee1a259bd009534c,3,3,2025-06-08 16:11:59.180000,"202 Distribution Blvd, Logistics City",pending,2,Regular bulk order,1,4,20,49.99,0,2025-06-08 16:11:59.180000,2025-06-08 16:11:59.181000,2,8,15,89.99,0,2025-06-08 16:11:59.181000,2025-06-08 16:11:59.181000,2349.65,4,2025-06-08 16:11:59.182000,2025-07-18 13:08:06.522000
684707cfee1a259bd009534a,1,1,2025-06-04 16:11:59.176000,"789 Retail St, Commerce City",packing,2,Regular customer order,1,1,5,499.99,5,2025-06-04 16:11:59.176000,2025-06-06 16:11:59.177000,2,7,3,129.99,3,2025-06-04 16:11:59.177000,2025-06-06 16:11:59.177000,2889.92,4,2025-06-04 16:11:59.178000,2025-07-18 14:38:01.661000
684707cfee1a259bd009534d,4,1,2025-06-09 10:11:59.182000,"789 Retail St, Commerce City",pending,3,Low priority order,1,5,30,6.99,0,2025-06-09 10:11:59.183000,2025-06-09 10:11:59.183000,2,6,50,4.99,0,2025-06-09 10:11:59.183000,2025-06-09 10:11:59.183000,459.2,4,2025-06-09 10:11:59.184000,2025-07-18 11:22:05.586000
684707cfee1a259bd009534b,2,2,2025-06-06 16:11:59.178000,"101 E-commerce Ave, Digital Town",packing,1,High priority order,1,2,2,899.99,2,2025-06-06 16:11:59.178000,2025-06-07 16:11:59.179000,2,3,10,24.99,10,2025-06-06 16:11:59.179000,2025-06-07 16:11:59.179000,2049.88,2,2025-06-06 16:11:59.179000,2025-07-18 14:37:40.997000
