_id,workerID,name,role,email,phone,username,hashed_password,disabled,created_at,updated_at,last_location_update,location_history,worker_location_x,worker_location_y,worker_location_floor,worker_location_last_updated,worker_location_updated_by,worker_location_status
684707ceee1a259bd0095320,5,Dave Driver,Driver,driver@warehouse.com,+1234567894,driver,$2b$12$MK0EvYCNuL3Jg84BGXhQPOb2HEJpZJkn8huX.FZ9RHjD6ngENyYti,False,2025-06-09 16:11:58.234000,2025-06-09 16:11:58.234000,2025-07-16T07:20:51.104585,[],5,1,1,2025-07-16T07:20:51.104524,system_init,offline
684707ceee1a259bd009531c,1,John Manager,Manager,manager@warehouse.com,+1234567890,manager,$2b$12$dkE5Z3mKWSdqa/yMBGIalOuHcf.Ot2OaajggiavG/Jf/U.QlLw5tG,False,2025-06-09 16:11:56.874000,2025-06-09 16:11:56.874000,2025-07-16T07:20:50.593499,[],0,10,1,2025-07-16T07:20:50.593299,system_init,offline
684707ceee1a259bd009531e,3,Alice Picker,Picker,picker@warehouse.com,+1234567892,picker,$2b$12$vn9LAXvq21xFblEleOaiteIxSocWx/fEnpB9MRnfuMYS0d0QJPR6u,False,2025-06-09 16:11:57.504000,2025-06-09 16:11:57.504000,2025-07-16T07:20:50.842198,[],4,0,1,2025-07-16T07:20:50.842143,system_init,offline
684707ceee1a259bd009531d,2,Bob Receiver,ReceivingClerk,receiver@warehouse.com,+1234567891,receiver,$2b$12$gG48rK/qnzmrIjRgJBj2Be/YJoJ/YAEIwdydtiA1Y2lBo0Vo5gcdq,False,2025-06-09 16:11:57.180000,2025-06-09 16:11:57.180000,2025-07-16T07:20:50.712292,[],8,7,1,2025-07-16T07:20:50.712231,system_init,offline
684707ceee1a259bd009531f,4,Emma Packer,Packer,packer@warehouse.com,+1234567893,packer,$2b$12$8jH7x/Uz.fTelSnvuCwHFejc7j7w.HnQYwSROQLnE73cKgZTvvUJ2,False,2025-06-09 16:11:57.872000,2025-06-09 16:11:57.872000,2025-07-16T07:20:50.937125,[],4,0,1,2025-07-16T07:20:50.937114,system_init,offline
