[
  {
    "_id": {
      "$oid": "686bb72f1b8dff1e99c373fe"
    },
    "created_at": {
      "$date": "2025-07-07T12:01:51.472Z"
    },
    "updated_at": {
      "$date": "2025-07-07T12:01:51.472Z"
    },
    "conversation_id": "manager_20250707173148001",
    "user_id": "manager",
    "message_type": "user",
    "content": "Quick Action: System Overview - Get comprehensive warehouse status",
    "tokens_used": null,
    "processing_time": null,
    "model_used": null,
    "context": {},
    "agent_role": null,
    "has_attachments": false,
    "attachment_count": 0,
    "metadata": {
      "legacy_api": true
    },
    "timestamp": {
      "$date": "2025-07-07T12:01:51.472Z"
    }
  },
  {
    "_id": {
      "$oid": "686bb7401b8dff1e99c37409"
    },
    "created_at": {
      "$date": "2025-07-07T12:02:08.387Z"
    },
    "updated_at": {
      "$date": "2025-07-07T12:02:08.387Z"
    },
    "conversation_id": "manager_20250707173148001",
    "user_id": "manager",
    "message_type": "assistant",
    "content": "It seems that you are looking for a comprehensive overview of the warehouse status, but I currently do not have access to the specific management procedures or reports that would provide that information.\n\nHowever, I can assist you with specific tasks related to inventory, orders, or analytics. If you have a particular area of interest or specific questions, please let me know, and I can help you with that!",
    "tokens_used": 78,
    "processing_time": 16.914338,
    "model_used": "manager_agent",
    "context": {},
    "agent_role": null,
    "has_attachments": false,
    "attachment_count": 0,
    "metadata": {
      "agent_role": "manager",
      "conversation_id": "manager_20250707173148001",
      "processed_at": "2025-07-07T12:02:08.387200",
      "processing_time": 13.263089,
      "query_classifications": [
        {
          "type": "management",
          "confidence": 1.0
        },
        {
          "type": "workflow",
          "confidence": 1.0
        }
      ],
      "auto_selected": false,
      "legacy_api": true
    },
    "timestamp": {
      "$date": "2025-07-07T12:02:08.387Z"
    }
  },
  {
    "_id": {
      "$oid": "686bb7851b8dff1e99c37411"
    },
    "created_at": {
      "$date": "2025-07-07T12:03:17.271Z"
    },
    "updated_at": {
      "$date": "2025-07-07T12:03:17.271Z"
    },
    "conversation_id": "manager_20250707173148001",
    "user_id": "manager",
    "message_type": "user",
    "content": "give em inventry summry",
    "tokens_used": null,
    "processing_time": null,
    "model_used": null,
    "context": {},
    "agent_role": null,
    "has_attachments": false,
    "attachment_count": 0,
    "metadata": {
      "legacy_api": true
    },
    "timestamp": {
      "$date": "2025-07-07T12:03:17.271Z"
    }
  },
  {
    "_id": {
      "$oid": "686bb7941b8dff1e99c37417"
    },
    "created_at": {
      "$date": "2025-07-07T12:03:32.782Z"
    },
    "updated_at": {
      "$date": "2025-07-07T12:03:32.782Z"
    },
    "conversation_id": "manager_20250707173148001",
    "user_id": "manager",
    "message_type": "assistant",
    "content": "Here is the comprehensive inventory summary:\n\n### 📊 Inventory Analytics Report\n\n#### 📈 Overall Statistics:\n- **Total Items:** 8\n- **Total Stock Units:** 835\n- **Average Stock per Item:** 104.4 units\n- **Highest Stock Level:** 200 units\n- **Lowest Stock Level:** 50 units\n\n#### ⚠️ Stock Status Analysis:\n- **Items with Low Stock (<10 units):** 0 (0.0%)\n- **Items Out of Stock (0 units):** 0 (0.0%)\n- **Items with Good Stock:** 8 (100.0%)\n\n#### 📋 Category Breakdown:\n- **Electronics:** 3 items, 225 total stock, 75.0 avg\n- **Clothing:** 3 items, 410 total stock, 136.7 avg\n- **Food:** 2 items, 200 total stock, 100.0 avg\n\n#### 💡 Recommendations:\n- High average stock levels - consider optimizing storage.\n\nIf you need further details or specific actions based on this summary, please let me know!",
    "tokens_used": 136,
    "processing_time": 15.511368,
    "model_used": "manager_agent",
    "context": {},
    "agent_role": null,
    "has_attachments": false,
    "attachment_count": 0,
    "metadata": {
      "agent_role": "manager",
      "conversation_id": "manager_20250707173148001",
      "processed_at": "2025-07-07T12:03:32.763595",
      "processing_time": 11.547817,
      "query_classifications": [],
      "auto_selected": false,
      "legacy_api": true
    },
    "timestamp": {
      "$date": "2025-07-07T12:03:32.782Z"
    }
  },
  {
    "_id": {
      "$oid": "686bb88f1b8dff1e99c37444"
    },
    "created_at": {
      "$date": "2025-07-07T12:07:43.836Z"
    },
    "updated_at": {
      "$date": "2025-07-07T12:07:43.836Z"
    },
    "conversation_id": "clerk_20250707173735408",
    "user_id": "receiver",
    "message_type": "user",
    "content": "hello",
    "tokens_used": null,
    "processing_time": null,
    "model_used": null,
    "context": {},
    "agent_role": null,
    "has_attachments": false,
    "attachment_count": 0,
    "metadata": {
      "legacy_api": true
    },
    "timestamp": {
      "$date": "2025-07-07T12:07:43.836Z"
    }
  },
  {
    "_id": {
      "$oid": "686bb89b1b8dff1e99c3744a"
    },
    "created_at": {
      "$date": "2025-07-07T12:07:55.341Z"
    },
    "updated_at": {
      "$date": "2025-07-07T12:07:55.341Z"
    },
    "conversation_id": "clerk_20250707173735408",
    "user_id": "receiver",
    "message_type": "assistant",
    "content": "Hello! I'm here to assist you with any questions or tasks related to inventory management, orders, returns, and receiving processes. Please let me know what specific information or assistance you need, and I'll provide you with accurate and actionable guidance.",
    "tokens_used": 41,
    "processing_time": 11.504347,
    "model_used": "clerk_agent",
    "context": {},
    "agent_role": null,
    "has_attachments": false,
    "attachment_count": 0,
    "metadata": {
      "agent_role": "clerk",
      "conversation_id": "clerk_20250707173735408",
      "processed_at": "2025-07-07T12:07:55.340861",
      "processing_time": 7.329046,
      "query_classifications": [],
      "auto_selected": true,
      "legacy_api": true
    },
    "timestamp": {
      "$date": "2025-07-07T12:07:55.341Z"
    }
  },
  {
    "_id": {
      "$oid": "686bb8b61b8dff1e99c3744f"
    },
    "created_at": {
      "$date": "2025-07-07T12:08:22.701Z"
    },
    "updated_at": {
      "$date": "2025-07-07T12:08:22.701Z"
    },
    "conversation_id": "clerk_20250707173735408",
    "user_id": "receiver",
    "message_type": "user",
    "content": "what are the things can i de in this system",
    "tokens_used": null,
    "processing_time": null,
    "model_used": null,
    "context": {},
    "agent_role": null,
    "has_attachments": false,
    "attachment_count": 0,
    "metadata": {
      "legacy_api": true
    },
    "timestamp": {
      "$date": "2025-07-07T12:08:22.701Z"
    }
  },
  {
    "_id": {
      "$oid": "686bb8c81b8dff1e99c37454"
    },
    "created_at": {
      "$date": "2025-07-07T12:08:40.242Z"
    },
    "updated_at": {
      "$date": "2025-07-07T12:08:40.242Z"
    },
    "conversation_id": "clerk_20250707173735408",
    "user_id": "receiver",
    "message_type": "assistant",
    "content": "As a warehouse clerk, you can perform the following tasks in this system to manage inventory, orders, returns, and receiving processes:\n\n### Inventory Management\n1. **Query Inventory**: Look up specific inventory items based on criteria like item ID, SKU, name, category, location, or quantity.\n2. **Add New Items**: Add new items to the inventory with details such as SKU, name, category, quantity, location, unit price, supplier, and description.\n3. **Update Existing Items**: Modify details of existing inventory items, including SKU, name, category, quantity, location, unit price, supplier, and description.\n4. **Locate Items**: Find the physical location of items in the warehouse and provide navigation guidance.\n5. **Check Low Stock Levels**: Identify items with low stock levels and generate alerts for restocking.\n6. **Move Stock**: Move stock from one location to another within the warehouse.\n\n### Order Management\n1. **Check Order Status**: Retrieve details and status of specific orders based on order ID, customer ID, status, or date range.\n2. **Create New Orders**: Create new customer orders with shipping details, priority levels, and optional notes.\n3. **Update Existing Orders**: Change the status, priority, shipping address, or notes of existing orders.\n4. **Create Sub-Orders**: Generate sub-orders for partial fulfillment of parent orders.\n5. **Create Picking and Packing Tasks**: Set up tasks for picking and packing orders, including assigning workers and setting priority levels.\n\n### Returns Management\n1. **Process Returns**: Handle customer returns, including reasons for the return, condition of returned items, and whether to restock inventory.\n\n### Supplier Coordination\n1. **Check Supplier Information**: Look up details about suppliers, including their ID, name, or product category.\n\nIf you have any specific tasks or questions related to these functions, feel free to ask!",
    "tokens_used": 289,
    "processing_time": 17.540779,
    "model_used": "clerk_agent",
    "context": {},
    "agent_role": null,
    "has_attachments": false,
    "attachment_count": 0,
    "metadata": {
      "agent_role": "clerk",
      "conversation_id": "clerk_20250707173735408",
      "processed_at": "2025-07-07T12:08:40.242273",
      "processing_time": 13.775122,
      "query_classifications": [
        {
          "type": "management",
          "confidence": 1.0
        }
      ],
      "auto_selected": true,
      "legacy_api": true
    },
    "timestamp": {
      "$date": "2025-07-07T12:08:40.242Z"
    }
  },
  {
    "_id": {
      "$oid": "686bb9371b8dff1e99c37467"
    },
    "created_at": {
      "$date": "2025-07-07T12:10:31.418Z"
    },
    "updated_at": {
      "$date": "2025-07-07T12:10:31.418Z"
    },
    "conversation_id": "clerk_20250707173924852",
    "user_id": "receiver",
    "message_type": "user",
    "content": "i want to get aproved order from db",
    "tokens_used": null,
    "processing_time": null,
    "model_used": null,
    "context": {},
    "agent_role": null,
    "has_attachments": false,
    "attachment_count": 0,
    "metadata": {
      "legacy_api": true
    },
    "timestamp": {
      "$date": "2025-07-07T12:10:31.418Z"
    }
  },
  {
    "_id": {
      "$oid": "686bb9431b8dff1e99c3746d"
    },
    "created_at": {
      "$date": "2025-07-07T12:10:43.808Z"
    },
    "updated_at": {
      "$date": "2025-07-07T12:10:43.808Z"
    },
    "conversation_id": "clerk_20250707173924852",
    "user_id": "receiver",
    "message_type": "assistant",
    "content": "To check for approved orders, I need the specific order ID or customer ID associated with the order. If you have any additional details, such as the status or priority level, that would also help narrow down the search.\n\nPlease provide the necessary information so I can assist you further!",
    "tokens_used": 58,
    "processing_time": 12.39055,
    "model_used": "clerk_agent",
    "context": {},
    "agent_role": null,
    "has_attachments": false,
    "attachment_count": 0,
    "metadata": {
      "agent_role": "clerk",
      "conversation_id": "clerk_20250707173924852",
      "processed_at": "2025-07-07T12:10:43.808776",
      "processing_time": 8.08047,
      "query_classifications": [
        {
          "type": "orders",
          "confidence": 1.0
        }
      ],
      "auto_selected": true,
      "legacy_api": true
    },
    "timestamp": {
      "$date": "2025-07-07T12:10:43.808Z"
    }
  },
  {
    "_id": {
      "$oid": "686bb9571b8dff1e99c37472"
    },
    "created_at": {
      "$date": "2025-07-07T12:11:03.983Z"
    },
    "updated_at": {
      "$date": "2025-07-07T12:11:03.983Z"
    },
    "conversation_id": "clerk_20250707173924852",
    "user_id": "receiver",
    "message_type": "user",
    "content": "order id is 1",
    "tokens_used": null,
    "processing_time": null,
    "model_used": null,
    "context": {},
    "agent_role": null,
    "has_attachments": false,
    "attachment_count": 0,
    "metadata": {
      "legacy_api": true
    },
    "timestamp": {
      "$date": "2025-07-07T12:11:03.983Z"
    }
  },
  {
    "_id": {
      "$oid": "686bb9651b8dff1e99c37477"
    },
    "created_at": {
      "$date": "2025-07-07T12:11:17.798Z"
    },
    "updated_at": {
      "$date": "2025-07-07T12:11:17.798Z"
    },
    "conversation_id": "clerk_20250707173924852",
    "user_id": "receiver",
    "message_type": "assistant",
    "content": "Here are the details for Order ID 1:\n\n- **Customer ID:** 1\n- **Status:** Delivered\n- **Priority:** 2 (Normal)\n- **Total Amount:** $2889.92\n- **Order Date:** June 4, 2025\n- **Shipping Address:** 789 Retail St, Commerce City\n- **Assigned Worker:** 3\n- **Notes:** Regular customer order\n\n### Order Items:\n1. **Item ID:** 1\n   - **Quantity Ordered:** 5\n   - **Price per Item:** $499.99\n   - **Fulfilled:** 5/5\n\n2. **Item ID:** 7\n   - **Quantity Ordered:** 3\n   - **Price per Item:** $129.99\n   - **Fulfilled:** 3/3\n\nIf you need any further assistance or actions regarding this order, please let me know!",
    "tokens_used": 100,
    "processing_time": 13.814731,
    "model_used": "clerk_agent",
    "context": {},
    "agent_role": null,
    "has_attachments": false,
    "attachment_count": 0,
    "metadata": {
      "agent_role": "clerk",
      "conversation_id": "clerk_20250707173924852",
      "processed_at": "2025-07-07T12:11:17.798013",
      "processing_time": 10.183919,
      "query_classifications": [
        {
          "type": "orders",
          "confidence": 1.0
        }
      ],
      "auto_selected": true,
      "legacy_api": true
    },
    "timestamp": {
      "$date": "2025-07-07T12:11:17.798Z"
    }
  },
  {
    "_id": {
      "$oid": "686c13bccf801bd5f1cac21c"
    },
    "created_at": {
      "$date": "2025-07-07T18:36:44.655Z"
    },
    "updated_at": {
      "$date": "2025-07-07T18:36:44.655Z"
    },
    "conversation_id": "manager_20250707173148001",
    "user_id": "manager",
    "message_type": "user",
    "content": "do it again",
    "tokens_used": null,
    "processing_time": null,
    "model_used": null,
    "context": {},
    "agent_role": null,
    "has_attachments": false,
    "attachment_count": 0,
    "metadata": {
      "legacy_api": true
    },
    "timestamp": {
      "$date": "2025-07-07T18:36:44.655Z"
    }
  },
  {
    "_id": {
      "$oid": "686c13f5e2e5a2531eceab5d"
    },
    "created_at": {
      "$date": "2025-07-07T18:37:41.444Z"
    },
    "updated_at": {
      "$date": "2025-07-07T18:37:41.444Z"
    },
    "conversation_id": "manager_20250707173148001",
    "user_id": "manager",
    "message_type": "user",
    "content": "do it again",
    "tokens_used": null,
    "processing_time": null,
    "model_used": null,
    "context": {},
    "agent_role": null,
    "has_attachments": false,
    "attachment_count": 0,
    "metadata": {
      "legacy_api": true
    },
    "timestamp": {
      "$date": "2025-07-07T18:37:41.444Z"
    }
  },
  {
    "_id": {
      "$oid": "686c9168cf3da45effef9513"
    },
    "created_at": {
      "$date": "2025-07-08T03:32:56.236Z"
    },
    "updated_at": {
      "$date": "2025-07-08T03:32:56.236Z"
    },
    "conversation_id": "manager_20250707173148001",
    "user_id": "manager",
    "message_type": "user",
    "content": "do it again",
    "tokens_used": null,
    "processing_time": null,
    "model_used": null,
    "context": {},
    "agent_role": null,
    "has_attachments": false,
    "attachment_count": 0,
    "metadata": {
      "legacy_api": true
    },
    "timestamp": {
      "$date": "2025-07-08T03:32:56.236Z"
    }
  },
  {
    "_id": {
      "$oid": "686c9173cf3da45effef9515"
    },
    "created_at": {
      "$date": "2025-07-08T03:33:07.198Z"
    },
    "updated_at": {
      "$date": "2025-07-08T03:33:07.198Z"
    },
    "conversation_id": "manager_20250707173148001",
    "user_id": "manager",
    "message_type": "assistant",
    "content": "Here is the comprehensive inventory summary:\n\n### 📊 Inventory Analytics Report\n\n#### 📈 Overall Statistics:\n- **Total Items:** 8\n- **Total Stock Units:** 835\n- **Average Stock per Item:** 104.4 units\n- **Highest Stock Level:** 200 units\n- **Lowest Stock Level:** 50 units\n\n#### ⚠️ Stock Status Analysis:\n- **Items with Low Stock (<10 units):** 0 (0.0%)\n- **Items Out of Stock (0 units):** 0 (0.0%)\n- **Items with Good Stock:** 8 (100.0%)\n\n#### 📋 Category Breakdown:\n- **Clothing:** 3 items, 410 total stock, 136.7 avg\n- **Electronics:** 3 items, 225 total stock, 75.0 avg\n- **Food:** 2 items, 200 total stock, 100.0 avg\n\n#### 💡 Recommendations:\n- High average stock levels - consider optimizing storage.\n\nIf you need further details or specific actions based on this summary, please let me know!",
    "tokens_used": 135,
    "processing_time": 10.96099,
    "model_used": "manager_agent",
    "context": {},
    "agent_role": null,
    "has_attachments": false,
    "attachment_count": 0,
    "metadata": {
      "agent_role": "manager",
      "conversation_id": "manager_20250707173148001",
      "processed_at": "2025-07-08T03:33:07.197253",
      "processing_time": 10.671348,
      "query_classifications": [],
      "auto_selected": false,
      "legacy_api": true
    },
    "timestamp": {
      "$date": "2025-07-08T03:33:07.198Z"
    }
  },
  {
    "_id": {
      "$oid": "686cbccbda55b9256d1dae76"
    },
    "created_at": {
      "$date": "2025-07-08T06:38:03.535Z"
    },
    "updated_at": {
      "$date": "2025-07-08T06:38:03.535Z"
    },
    "conversation_id": "picker_20250708114547868",
    "user_id": "picker",
    "message_type": "user",
    "content": "hi",
    "tokens_used": null,
    "processing_time": null,
    "model_used": null,
    "context": {},
    "agent_role": null,
    "has_attachments": false,
    "attachment_count": 0,
    "metadata": {
      "legacy_api": true
    },
    "timestamp": {
      "$date": "2025-07-08T06:38:03.535Z"
    }
  },
  {
    "_id": {
      "$oid": "686cbcd2da55b9256d1dae78"
    },
    "created_at": {
      "$date": "2025-07-08T06:38:10.684Z"
    },
    "updated_at": {
      "$date": "2025-07-08T06:38:10.684Z"
    },
    "conversation_id": "picker_20250708114547868",
    "user_id": "picker",
    "message_type": "assistant",
    "content": "It seems that there are no specific picking procedures available in the knowledge base. However, I can assist you with locating items, optimizing your picking path, and creating or updating picking tasks.\n\nIf you have specific items you need to locate or if you want to create a picking task for an order, please provide the details, and I'll help you with that!",
    "tokens_used": 64,
    "processing_time": 7.148755,
    "model_used": "picker_agent",
    "context": {},
    "agent_role": null,
    "has_attachments": false,
    "attachment_count": 0,
    "metadata": {
      "agent_role": "picker",
      "conversation_id": "picker_20250708114547868",
      "processed_at": "2025-07-08T06:38:10.684523",
      "processing_time": 6.837291,
      "query_classifications": [],
      "auto_selected": true,
      "legacy_api": true
    },
    "timestamp": {
      "$date": "2025-07-08T06:38:10.684Z"
    }
  },
  {
    "_id": {
      "$oid": "686cce3bda55b9256d1daf0d"
    },
    "created_at": {
      "$date": "2025-07-08T07:52:27.941Z"
    },
    "updated_at": {
      "$date": "2025-07-08T07:52:27.941Z"
    },
    "conversation_id": "manager_20250708132227609",
    "user_id": "manager",
    "message_type": "user",
    "content": "Quick Action: Critical Alerts - Review urgent system notifications",
    "tokens_used": null,
    "processing_time": null,
    "model_used": null,
    "context": {},
    "agent_role": null,
    "has_attachments": false,
    "attachment_count": 0,
    "metadata": {
      "legacy_api": true
    },
    "timestamp": {
      "$date": "2025-07-08T07:52:27.941Z"
    }
  },
  {
    "_id": {
      "$oid": "686cce43da55b9256d1daf0f"
    },
    "created_at": {
      "$date": "2025-07-08T07:52:35.030Z"
    },
    "updated_at": {
      "$date": "2025-07-08T07:52:35.030Z"
    },
    "conversation_id": "manager_20250708132227609",
    "user_id": "manager",
    "message_type": "assistant",
    "content": "It seems that you are looking for critical alerts or urgent system notifications, but I currently do not have access to specific management procedures or alerts. \n\nTo review critical alerts, you may want to check the warehouse management system directly or consult with your IT department for any urgent notifications or system alerts that may need your attention. \n\nIf you have any specific tasks or actions you would like me to assist with, please let me know!",
    "tokens_used": 86,
    "processing_time": 7.089437,
    "model_used": "manager_agent",
    "context": {},
    "agent_role": null,
    "has_attachments": false,
    "attachment_count": 0,
    "metadata": {
      "agent_role": "manager",
      "conversation_id": "manager_20250708132227609",
      "processed_at": "2025-07-08T07:52:35.030478",
      "processing_time": 6.79252,
      "query_classifications": [
        {
          "type": "management",
          "confidence": 1.0
        }
      ],
      "auto_selected": false,
      "legacy_api": true
    },
    "timestamp": {
      "$date": "2025-07-08T07:52:35.030Z"
    }
  },
  {
    "_id": {
      "$oid": "6874bce8c23d5fd2c26575f5"
    },
    "created_at": {
      "$date": "2025-07-14T08:16:40.677Z"
    },
    "updated_at": {
      "$date": "2025-07-14T08:16:40.677Z"
    },
    "conversation_id": "manager_20250708132227609",
    "user_id": "manager",
    "message_type": "user",
    "content": "what is the summary of this conversation",
    "tokens_used": null,
    "processing_time": null,
    "model_used": null,
    "context": {},
    "agent_role": null,
    "has_attachments": false,
    "attachment_count": 0,
    "metadata": {
      "legacy_api": true
    },
    "timestamp": {
      "$date": "2025-07-14T08:16:40.677Z"
    }
  },
  {
    "_id": {
      "$oid": "6874bcf6c23d5fd2c26575fb"
    },
    "created_at": {
      "$date": "2025-07-14T08:16:54.022Z"
    },
    "updated_at": {
      "$date": "2025-07-14T08:16:54.022Z"
    },
    "conversation_id": "manager_20250708132227609",
    "user_id": "manager",
    "message_type": "assistant",
    "content": "In this conversation, you expressed a need to review critical alerts or urgent system notifications related to warehouse operations. However, it was noted that there were no specific management procedures found in the knowledge base to assist with this request. You were advised to check the warehouse management system directly or consult with your IT department for urgent notifications. \n\nAdditionally, you reiterated your role as a warehouse manager, emphasizing your responsibility to oversee all operations, make strategic decisions, and ensure efficiency across departments.",
    "tokens_used": 90,
    "processing_time": 13.344538,
    "model_used": "manager_agent",
    "context": {},
    "agent_role": null,
    "has_attachments": false,
    "attachment_count": 0,
    "metadata": {
      "agent_role": "manager",
      "conversation_id": "manager_20250708132227609",
      "processed_at": "2025-07-14T08:16:54.022026",
      "processing_time": 9.24725,
      "query_classifications": [],
      "auto_selected": false,
      "legacy_api": true
    },
    "timestamp": {
      "$date": "2025-07-14T08:16:54.022Z"
    }
  },
  {
    "_id": {
      "$oid": "6874c1d5c23d5fd2c265771b"
    },
    "created_at": {
      "$date": "2025-07-14T08:37:41.951Z"
    },
    "updated_at": {
      "$date": "2025-07-14T08:37:41.951Z"
    },
    "conversation_id": "manager_20250714140737720",
    "user_id": "manager",
    "message_type": "user",
    "content": "Quick Action: Critical Alerts - Review urgent system notifications",
    "tokens_used": null,
    "processing_time": null,
    "model_used": null,
    "context": {},
    "agent_role": null,
    "has_attachments": false,
    "attachment_count": 0,
    "metadata": {
      "legacy_api": true
    },
    "timestamp": {
      "$date": "2025-07-14T08:37:41.951Z"
    }
  },
  {
    "_id": {
      "$oid": "6874c1e4c23d5fd2c2657721"
    },
    "created_at": {
      "$date": "2025-07-14T08:37:56.103Z"
    },
    "updated_at": {
      "$date": "2025-07-14T08:37:56.103Z"
    },
    "conversation_id": "manager_20250714140737720",
    "user_id": "manager",
    "message_type": "assistant",
    "content": "It seems that you are looking for critical alerts or urgent system notifications, but I currently do not have access to a specific tool for reviewing system notifications or alerts. \n\nTo address this, I recommend checking the warehouse management system directly for any alerts or notifications. If you have access to a dashboard or notification center, that would be the best place to start. \n\nIf you need assistance with specific tasks related to approvals or system management, please let me know!",
    "tokens_used": 90,
    "processing_time": 14.151768,
    "model_used": "manager_agent",
    "context": {},
    "agent_role": null,
    "has_attachments": false,
    "attachment_count": 0,
    "metadata": {
      "agent_role": "manager",
      "conversation_id": "manager_20250714140737720",
      "processed_at": "2025-07-14T08:37:56.103630",
      "processing_time": 9.728514,
      "query_classifications": [
        {
          "type": "management",
          "confidence": 1.0
        }
      ],
      "auto_selected": false,
      "legacy_api": true
    },
    "timestamp": {
      "$date": "2025-07-14T08:37:56.103Z"
    }
  },
  {
    "_id": {
      "$oid": "6874dbc3ae1a0af328af6995"
    },
    "created_at": {
      "$date": "2025-07-14T10:28:19.903Z"
    },
    "updated_at": {
      "$date": "2025-07-14T10:28:19.903Z"
    },
    "conversation_id": "clerk_20250707173735408",
    "user_id": "receiver",
    "message_type": "user",
    "content": "what is the conversation summry untill this time",
    "tokens_used": null,
    "processing_time": null,
    "model_used": null,
    "context": {},
    "agent_role": null,
    "has_attachments": false,
    "attachment_count": 0,
    "metadata": {
      "legacy_api": true
    },
    "timestamp": {
      "$date": "2025-07-14T10:28:19.903Z"
    }
  },
  {
    "_id": {
      "$oid": "6874dbd2ae1a0af328af699b"
    },
    "created_at": {
      "$date": "2025-07-14T10:28:34.540Z"
    },
    "updated_at": {
      "$date": "2025-07-14T10:28:34.540Z"
    },
    "conversation_id": "clerk_20250707173735408",
    "user_id": "receiver",
    "message_type": "assistant",
    "content": "Here's a summary of our conversation so far:\n\n1. You introduced yourself as a warehouse clerk and expressed the need to provide accurate information about inventory, orders, returns, and receiving processes.\n2. I outlined the tasks you can perform in the system, which include:\n   - **Inventory Management**: Querying, adding, updating, locating items, checking low stock levels, and moving stock.\n   - **Order Management**: Checking order status, creating new orders, updating existing orders, creating sub-orders, and setting up picking and packing tasks.\n   - **Returns Management**: Processing customer returns.\n   - **Supplier Coordination**: Checking supplier information.\n\nIf you have any further questions or need assistance with specific tasks, feel free to ask!",
    "tokens_used": 116,
    "processing_time": 14.637054,
    "model_used": "clerk_agent",
    "context": {},
    "agent_role": null,
    "has_attachments": false,
    "attachment_count": 0,
    "metadata": {
      "agent_role": "clerk",
      "conversation_id": "clerk_20250707173735408",
      "processed_at": "2025-07-14T10:28:34.540049",
      "processing_time": 10.788902,
      "query_classifications": [],
      "auto_selected": true,
      "legacy_api": true
    },
    "timestamp": {
      "$date": "2025-07-14T10:28:34.540Z"
    }
  },
  {
    "_id": {
      "$oid": "6874dc11ae1a0af328af69aa"
    },
    "created_at": {
      "$date": "2025-07-14T10:29:37.971Z"
    },
    "updated_at": {
      "$date": "2025-07-14T10:29:37.971Z"
    },
    "conversation_id": "clerk_20250714155933137",
    "user_id": "receiver",
    "message_type": "user",
    "content": "Quick Action: Check Inventory - View current stock levels",
    "tokens_used": null,
    "processing_time": null,
    "model_used": null,
    "context": {},
    "agent_role": null,
    "has_attachments": false,
    "attachment_count": 0,
    "metadata": {
      "legacy_api": true
    },
    "timestamp": {
      "$date": "2025-07-14T10:29:37.971Z"
    }
  },
  {
    "_id": {
      "$oid": "6874dc20ae1a0af328af69b4"
    },
    "created_at": {
      "$date": "2025-07-14T10:29:52.076Z"
    },
    "updated_at": {
      "$date": "2025-07-14T10:29:52.076Z"
    },
    "conversation_id": "clerk_20250714155933137",
    "user_id": "receiver",
    "message_type": "assistant",
    "content": "To check the current stock levels, I need specific criteria to query the inventory. Please provide one or more of the following details:\n\n1. Item ID\n2. SKU (Stock Keeping Unit)\n3. Name of the item\n4. Category of items\n5. Location ID\n6. Minimum quantity threshold\n\nOnce I have this information, I can retrieve the current stock levels for you.",
    "tokens_used": 70,
    "processing_time": 14.104953,
    "model_used": "clerk_agent",
    "context": {},
    "agent_role": null,
    "has_attachments": false,
    "attachment_count": 0,
    "metadata": {
      "agent_role": "clerk",
      "conversation_id": "clerk_20250714155933137",
      "processed_at": "2025-07-14T10:29:52.076480",
      "processing_time": 10.108327,
      "query_classifications": [
        {
          "type": "inventory",
          "confidence": 1.0
        }
      ],
      "auto_selected": true,
      "legacy_api": true
    },
    "timestamp": {
      "$date": "2025-07-14T10:29:52.076Z"
    }
  },
  {
    "_id": {
      "$oid": "6874de1cae1a0af328af6a21"
    },
    "created_at": {
      "$date": "2025-07-14T10:38:20.519Z"
    },
    "updated_at": {
      "$date": "2025-07-14T10:38:20.519Z"
    },
    "conversation_id": "clerk_20250714155933137",
    "user_id": "manager",
    "message_type": "user",
    "content": "hello",
    "tokens_used": null,
    "processing_time": null,
    "model_used": null,
    "context": {},
    "agent_role": null,
    "has_attachments": false,
    "attachment_count": 0,
    "metadata": {
      "legacy_api": true
    },
    "timestamp": {
      "$date": "2025-07-14T10:38:20.519Z"
    }
  },
  {
    "_id": {
      "$oid": "6874de27ae1a0af328af6a26"
    },
    "created_at": {
      "$date": "2025-07-14T10:38:31.429Z"
    },
    "updated_at": {
      "$date": "2025-07-14T10:38:31.429Z"
    },
    "conversation_id": "clerk_20250714155933137",
    "user_id": "manager",
    "message_type": "assistant",
    "content": "As a warehouse manager, you have access to various tools and functions to oversee operations effectively. Here are some actions you can take:\n\n1. **Check Inventory**: Query specific inventory items to monitor stock levels.\n2. **Update Inventory**: Modify existing inventory items as needed.\n3. **Check Orders**: Review the status and details of specific orders.\n4. **Approve Orders**: Approve or reject orders based on your assessment.\n5. **Manage Workers**: Oversee warehouse workers, including listing, updating, or assigning roles.\n6. **Check Analytics**: Review reports on inventory, orders, efficiency, and workers.\n7. **Manage System Settings**: Adjust system settings related to various warehouse operations.\n8. **Check for Anomalies**: Identify any anomalies in operations to address issues promptly.\n\nIf you need assistance with any specific action or have a particular request, please let me know!",
    "tokens_used": 131,
    "processing_time": 10.91017,
    "model_used": "manager_agent",
    "context": {},
    "agent_role": null,
    "has_attachments": false,
    "attachment_count": 0,
    "metadata": {
      "agent_role": "manager",
      "conversation_id": "clerk_20250714155933137",
      "processed_at": "2025-07-14T10:38:31.429920",
      "processing_time": 7.380346,
      "query_classifications": [],
      "auto_selected": false,
      "legacy_api": true
    },
    "timestamp": {
      "$date": "2025-07-14T10:38:31.430Z"
    }
  },
  {
    "_id": {
      "$oid": "6874e6d6ae1a0af328af6b25"
    },
    "created_at": {
      "$date": "2025-07-14T11:15:34.909Z"
    },
    "updated_at": {
      "$date": "2025-07-14T11:15:34.909Z"
    },
    "conversation_id": "manager_20250714164526737",
    "user_id": "manager",
    "message_type": "user",
    "content": "Quick Action: Workforce Status - Check worker performance and attendance",
    "tokens_used": null,
    "processing_time": null,
    "model_used": null,
    "context": {},
    "agent_role": null,
    "has_attachments": false,
    "attachment_count": 0,
    "metadata": {
      "legacy_api": true
    },
    "timestamp": {
      "$date": "2025-07-14T11:15:34.909Z"
    }
  },
  {
    "_id": {
      "$oid": "6874e6efae1a0af328af6b30"
    },
    "created_at": {
      "$date": "2025-07-14T11:15:59.584Z"
    },
    "updated_at": {
      "$date": "2025-07-14T11:15:59.584Z"
    },
    "conversation_id": "manager_20250714164526737",
    "user_id": "manager",
    "message_type": "assistant",
    "content": "It seems that you are looking to check worker performance and attendance analytics. However, I currently do not have access to specific worker performance and attendance data.\n\nAs a manager, you can use the \"check_analytics\" tool to review reports related to workers. You can specify the type of report you want to check, such as \"workers,\" and choose a time period for the analysis.\n\nIf you would like me to assist you with that, please provide the specific report type and the time period you are interested in.",
    "tokens_used": 98,
    "processing_time": 24.674587,
    "model_used": "manager_agent",
    "context": {},
    "agent_role": null,
    "has_attachments": false,
    "attachment_count": 0,
    "metadata": {
      "agent_role": "manager",
      "conversation_id": "manager_20250714164526737",
      "processed_at": "2025-07-14T11:15:59.584496",
      "processing_time": 19.850108,
      "query_classifications": [
        {
          "type": "analytics",
          "confidence": 1.0
        },
        {
          "type": "management",
          "confidence": 1.0
        },
        {
          "type": "workflow",
          "confidence": 1.0
        }
      ],
      "auto_selected": false,
      "legacy_api": true
    },
    "timestamp": {
      "$date": "2025-07-14T11:15:59.584Z"
    }
  },
  {
    "_id": {
      "$oid": "6876414b5412bb78c726a6f6"
    },
    "created_at": {
      "$date": "2025-07-15T11:53:47.027Z"
    },
    "updated_at": {
      "$date": "2025-07-15T11:53:47.027Z"
    },
    "conversation_id": "manager_20250715172346746",
    "user_id": "manager",
    "message_type": "user",
    "content": "Quick Action: Critical Alerts - Review urgent system notifications",
    "tokens_used": null,
    "processing_time": null,
    "model_used": null,
    "context": {},
    "agent_role": null,
    "has_attachments": false,
    "attachment_count": 0,
    "metadata": {
      "legacy_api": true
    },
    "timestamp": {
      "$date": "2025-07-15T11:53:47.027Z"
    }
  },
  {
    "_id": {
      "$oid": "687641535412bb78c726a6f8"
    },
    "created_at": {
      "$date": "2025-07-15T11:53:55.495Z"
    },
    "updated_at": {
      "$date": "2025-07-15T11:53:55.495Z"
    },
    "conversation_id": "manager_20250715172346746",
    "user_id": "manager",
    "message_type": "assistant",
    "content": "It seems that you are looking for critical alerts or urgent system notifications, but I currently do not have access to specific management procedures or alerts. \n\nIf you are a manager, you may want to check the system management tools available to you or consult with your IT department for any urgent notifications or alerts that may need your attention. \n\nIf you have specific tasks or actions you would like to perform, please let me know, and I can assist you with those!",
    "tokens_used": 92,
    "processing_time": 8.467875,
    "model_used": "manager_agent",
    "context": {},
    "agent_role": null,
    "has_attachments": false,
    "attachment_count": 0,
    "metadata": {
      "agent_role": "manager",
      "conversation_id": "manager_20250715172346746",
      "processed_at": "2025-07-15T11:53:55.495593",
      "processing_time": 8.182776,
      "query_classifications": [
        {
          "type": "management",
          "confidence": 1.0
        }
      ],
      "auto_selected": false,
      "legacy_api": true
    },
    "timestamp": {
      "$date": "2025-07-15T11:53:55.495Z"
    }
  },
  {
    "_id": {
      "$oid": "68764ef6953cba870ddd8ab7"
    },
    "created_at": {
      "$date": "2025-07-15T12:52:06.979Z"
    },
    "updated_at": {
      "$date": "2025-07-15T12:52:06.979Z"
    },
    "conversation_id": "clerk_20250707173735408",
    "user_id": "receiver",
    "message_type": "user",
    "content": "hi",
    "tokens_used": null,
    "processing_time": null,
    "model_used": null,
    "context": {},
    "agent_role": null,
    "has_attachments": false,
    "attachment_count": 0,
    "metadata": {
      "legacy_api": true
    },
    "timestamp": {
      "$date": "2025-07-15T12:52:06.979Z"
    }
  },
  {
    "_id": {
      "$oid": "68764efd953cba870ddd8ab9"
    },
    "created_at": {
      "$date": "2025-07-15T12:52:13.135Z"
    },
    "updated_at": {
      "$date": "2025-07-15T12:52:13.135Z"
    },
    "conversation_id": "clerk_20250707173735408",
    "user_id": "receiver",
    "message_type": "assistant",
    "content": "Hello! I'm here to assist you with any questions or tasks related to inventory management, orders, returns, and receiving processes. Please let me know what specific information or assistance you need, and I'll provide you with accurate and actionable guidance.",
    "tokens_used": 41,
    "processing_time": 6.15576,
    "model_used": "clerk_agent",
    "context": {},
    "agent_role": null,
    "has_attachments": false,
    "attachment_count": 0,
    "metadata": {
      "agent_role": "clerk",
      "conversation_id": "clerk_20250707173735408",
      "processed_at": "2025-07-15T12:52:13.135528",
      "processing_time": 5.876151,
      "query_classifications": [],
      "auto_selected": true,
      "legacy_api": true
    },
    "timestamp": {
      "$date": "2025-07-15T12:52:13.135Z"
    }
  },
  {
    "_id": {
      "$oid": "687658b96c503aea3830babe"
    },
    "created_at": {
      "$date": "2025-07-15T13:33:45.814Z"
    },
    "updated_at": {
      "$date": "2025-07-15T13:33:45.814Z"
    },
    "conversation_id": "manager_20250715172346746",
    "user_id": "manager",
    "message_type": "user",
    "content": "ok ",
    "tokens_used": null,
    "processing_time": null,
    "model_used": null,
    "context": {},
    "agent_role": null,
    "has_attachments": false,
    "attachment_count": 0,
    "metadata": {
      "legacy_api": true
    },
    "timestamp": {
      "$date": "2025-07-15T13:33:45.814Z"
    }
  },
  {
    "_id": {
      "$oid": "687658c66c503aea3830bac0"
    },
    "created_at": {
      "$date": "2025-07-15T13:33:58.230Z"
    },
    "updated_at": {
      "$date": "2025-07-15T13:33:58.230Z"
    },
    "conversation_id": "manager_20250715172346746",
    "user_id": "manager",
    "message_type": "assistant",
    "content": "As a warehouse manager, you have a crucial role in overseeing operations and ensuring efficiency. Here are some key areas you might focus on:\n\n1. **Inventory Management**: Regularly check inventory levels, manage stock movements, and ensure that items are stored correctly. You can use tools like inventory analytics to gain insights into stock performance.\n\n2. **Order Management**: Monitor the status of orders, create and update orders as needed, and ensure timely fulfillment. You can also create picking and packing tasks to streamline the process.\n\n3. **Worker Management**: Oversee warehouse staff, assign tasks, and ensure that all workers are trained and performing efficiently. You can manage workers through the available tools.\n\n4. **System Management**: Regularly review system settings and ensure that all operations are running smoothly. This includes checking for anomalies and making necessary adjustments.\n\n5. **Performance Analytics**: Utilize analytics reports to assess warehouse performance, identify areas for improvement, and make data-driven decisions.\n\n6. **Safety and Compliance**: Ensure that all safety protocols are followed and that the warehouse complies with relevant regulations.\n\nIf you need assistance with any specific tasks or operations, please let me know, and I can help you with that!",
    "tokens_used": 193,
    "processing_time": 12.415775,
    "model_used": "manager_agent",
    "context": {},
    "agent_role": null,
    "has_attachments": false,
    "attachment_count": 0,
    "metadata": {
      "agent_role": "manager",
      "conversation_id": "manager_20250715172346746",
      "processed_at": "2025-07-15T13:33:58.230326",
      "processing_time": 12.104599,
      "query_classifications": [],
      "auto_selected": false,
      "legacy_api": true
    },
    "timestamp": {
      "$date": "2025-07-15T13:33:58.230Z"
    }
  },
  {
    "_id": {
      "$oid": "68765b99750bd200960077e2"
    },
    "created_at": {
      "$date": "2025-07-15T13:46:01.535Z"
    },
    "updated_at": {
      "$date": "2025-07-15T13:46:01.535Z"
    },
    "conversation_id": "manager_20250715191601236",
    "user_id": "dev_user",
    "message_type": "user",
    "content": "what are the tools i can access",
    "tokens_used": null,
    "processing_time": null,
    "model_used": null,
    "context": {},
    "agent_role": null,
    "has_attachments": false,
    "attachment_count": 0,
    "metadata": {
      "legacy_api": true
    },
    "timestamp": {
      "$date": "2025-07-15T13:46:01.535Z"
    }
  },
  {
    "_id": {
      "$oid": "68765ba8750bd200960077e4"
    },
    "created_at": {
      "$date": "2025-07-15T13:46:16.221Z"
    },
    "updated_at": {
      "$date": "2025-07-15T13:46:16.221Z"
    },
    "conversation_id": "manager_20250715191601236",
    "user_id": "dev_user",
    "message_type": "assistant",
    "content": "As a warehouse manager, you have access to the following tools:\n\n1. **Inventory Management:**\n   - Query inventory items based on various criteria.\n   - Add new items to the inventory.\n   - Update existing inventory items.\n   - Get comprehensive inventory analytics, statistics, and insights.\n   - Check for items with low stock levels and generate alerts.\n\n2. **Order Management:**\n   - Check the status and details of specific orders.\n   - Create new orders with items and shipping details.\n   - Update existing orders' status, priority, or other details.\n   - Approve or reject orders.\n   - Create sub-orders for partial fulfillment of parent orders.\n\n3. **Task Management:**\n   - Create and update picking tasks for orders.\n   - Create and update packing tasks for orders.\n\n4. **Worker Management:**\n   - Manage warehouse workers (including listing, updating, and assigning tasks).\n\n5. **Analytics and Reporting:**\n   - Check warehouse analytics reports (inventory, orders, efficiency, workers).\n   - Check for anomalies in warehouse operations.\n\n6. **System Management:**\n   - Manage warehouse system settings (get, update, reset).\n\nThese tools will help you oversee operations, make informed decisions, and ensure efficiency across all departments in the warehouse.",
    "tokens_used": 186,
    "processing_time": 14.686749,
    "model_used": "manager_agent",
    "context": {},
    "agent_role": null,
    "has_attachments": false,
    "attachment_count": 0,
    "metadata": {
      "agent_role": "manager",
      "conversation_id": "manager_20250715191601236",
      "processed_at": "2025-07-15T13:46:16.221690",
      "processing_time": 14.318164,
      "query_classifications": [],
      "auto_selected": false,
      "legacy_api": true
    },
    "timestamp": {
      "$date": "2025-07-15T13:46:16.221Z"
    }
  },
  {
    "_id": {
      "$oid": "68765bbe750bd200960077ea"
    },
    "created_at": {
      "$date": "2025-07-15T13:46:38.976Z"
    },
    "updated_at": {
      "$date": "2025-07-15T13:46:38.976Z"
    },
    "conversation_id": "manager_20250715191638659",
    "user_id": "dev_user",
    "message_type": "user",
    "content": "is my roal manager",
    "tokens_used": null,
    "processing_time": null,
    "model_used": null,
    "context": {},
    "agent_role": null,
    "has_attachments": false,
    "attachment_count": 0,
    "metadata": {
      "legacy_api": true
    },
    "timestamp": {
      "$date": "2025-07-15T13:46:38.976Z"
    }
  },
  {
    "_id": {
      "$oid": "68765bc3750bd200960077ec"
    },
    "created_at": {
      "$date": "2025-07-15T13:46:43.021Z"
    },
    "updated_at": {
      "$date": "2025-07-15T13:46:43.021Z"
    },
    "conversation_id": "manager_20250715191638659",
    "user_id": "dev_user",
    "message_type": "assistant",
    "content": "It seems that you are a warehouse manager, which gives you access to various management functions, including approving orders, managing workers, and checking analytics reports. If you have any specific tasks or requests related to your role, please let me know, and I'll assist you accordingly!",
    "tokens_used": 50,
    "processing_time": 4.044505,
    "model_used": "manager_agent",
    "context": {},
    "agent_role": null,
    "has_attachments": false,
    "attachment_count": 0,
    "metadata": {
      "agent_role": "manager",
      "conversation_id": "manager_20250715191638659",
      "processed_at": "2025-07-15T13:46:43.021207",
      "processing_time": 3.709861,
      "query_classifications": [],
      "auto_selected": false,
      "legacy_api": true
    },
    "timestamp": {
      "$date": "2025-07-15T13:46:43.021Z"
    }
  },
  {
    "_id": {
      "$oid": "6876a124d3df00b59f1fe15c"
    },
    "created_at": {
      "$date": "2025-07-15T18:42:44.323Z"
    },
    "updated_at": {
      "$date": "2025-07-15T18:42:44.323Z"
    },
    "conversation_id": "manager_20250716001244045",
    "user_id": "manager",
    "message_type": "user",
    "content": "Quick Action: System Overview - Get comprehensive warehouse status",
    "tokens_used": null,
    "processing_time": null,
    "model_used": null,
    "context": {},
    "agent_role": null,
    "has_attachments": false,
    "attachment_count": 0,
    "metadata": {
      "legacy_api": true
    },
    "timestamp": {
      "$date": "2025-07-15T18:42:44.323Z"
    }
  },
  {
    "_id": {
      "$oid": "6876a12cd3df00b59f1fe15e"
    },
    "created_at": {
      "$date": "2025-07-15T18:42:52.641Z"
    },
    "updated_at": {
      "$date": "2025-07-15T18:42:52.641Z"
    },
    "conversation_id": "manager_20250716001244045",
    "user_id": "manager",
    "message_type": "assistant",
    "content": "It seems that you are looking for a comprehensive overview of the warehouse status, but I currently do not have access to the specific management functions that would provide that information directly.\n\nHowever, I can assist you with specific tasks such as checking inventory analytics, order statuses, or low stock alerts. If you have a particular area of interest or specific questions about the warehouse operations, please let me know, and I can provide the relevant information!",
    "tokens_used": 86,
    "processing_time": 8.318101,
    "model_used": "manager_agent",
    "context": {},
    "agent_role": null,
    "has_attachments": false,
    "attachment_count": 0,
    "metadata": {
      "agent_role": "manager",
      "conversation_id": "manager_20250716001244045",
      "processed_at": "2025-07-15T18:42:52.641247",
      "processing_time": 8.040744,
      "query_classifications": [
        {
          "type": "management",
          "confidence": 1.0
        },
        {
          "type": "workflow",
          "confidence": 1.0
        }
      ],
      "auto_selected": false,
      "legacy_api": true
    },
    "timestamp": {
      "$date": "2025-07-15T18:42:52.641Z"
    }
  }
]