[
  {
    "_id": {
      "$oid": "684707ceee1a259bd0095321"
    },
    "customerID": 1,
    "name": "Retail Store A",
    "email": "store_a@example.com",
    "phone": "+1987654321",
    "address": "789 Retail St, Commerce City",
    "created_at": {
      "$date": "2025-06-09T16:11:58.362Z"
    },
    "updated_at": {
      "$date": "2025-06-09T16:11:58.363Z"
    }
  },
  {
    "_id": {
      "$oid": "684707ceee1a259bd0095322"
    },
    "customerID": 2,
    "name": "Online Shop B",
    "email": "shop_b@example.com",
    "phone": "+1987654322",
    "address": "101 E-commerce Ave, Digital Town",
    "created_at": {
      "$date": "2025-06-09T16:11:58.363Z"
    },
    "updated_at": {
      "$date": "2025-06-09T16:11:58.363Z"
    }
  },
  {
    "_id": {
      "$oid": "684707ceee1a259bd0095323"
    },
    "customerID": 3,
    "name": "Distribution Center C",
    "email": "center_c@example.com",
    "phone": "+1987654323",
    "address": "202 Distribution Blvd, Logistics City",
    "created_at": {
      "$date": "2025-06-09T16:11:58.364Z"
    },
    "updated_at": {
      "$date": "2025-06-09T16:11:58.364Z"
    }
  }
]