[
  {
    "_id": {
      "$oid": "684707ceee1a259bd0095327"
    },
    "itemID": 1,
    "name": "Smartphone XYZ",
    "category": "Electronics",
    "size": "S",
    "storage_type": "standard",
    "stock_level": 210,
    "min_stock_level": 20,
    "max_stock_level": 200,
    "supplierID": 1,
    "locationID": 1,
    "created_at": {
      "$date": "2025-06-09T16:11:58.639Z"
    },
    "updated_at": {
      "$date": "2025-07-17T15:51:04.023Z"
    }
  },
  {
    "_id": {
      "$oid": "684707ceee1a259bd0095328"
    },
    "itemID": 2,
    "name": "Laptop ABC",
    "category": "Electronics",
    "size": "M",
    "storage_type": "standard",
    "stock_level": 115,
    "min_stock_level": 10,
    "max_stock_level": 100,
    "supplierID": 1,
    "locationID": 2,
    "created_at": {
      "$date": "2025-06-09T16:11:58.640Z"
    },
    "updated_at": {
      "$date": "2025-07-17T15:51:35.828Z"
    }
  },
  {
    "_id": {
      "$oid": "684707ceee1a259bd0095329"
    },
    "itemID": 3,
    "name": "T-shirt Large",
    "category": "Clothing",
    "size": "L",
    "storage_type": "standard",
    "stock_level": 265,
    "min_stock_level": 50,
    "max_stock_level": 500,
    "supplierID": 2,
    "locationID": 3,
    "created_at": {
      "$date": "2025-06-09T16:11:58.641Z"
    },
    "updated_at": {
      "$date": "2025-07-17T15:52:17.292Z"
    }
  },
  {
    "_id": {
      "$oid": "684707ceee1a259bd009532a"
    },
    "itemID": 4,
    "name": "Jeans Medium",
    "category": "Clothing",
    "size": "M",
    "storage_type": "standard",
    "stock_level": 174,
    "min_stock_level": 30,
    "max_stock_level": 300,
    "supplierID": 2,
    "locationID": 4,
    "created_at": {
      "$date": "2025-06-09T16:11:58.641Z"
    },
    "updated_at": {
      "$date": "2025-07-17T16:47:10.860Z"
    }
  },
  {
    "_id": {
      "$oid": "684707ceee1a259bd009532b"
    },
    "itemID": 5,
    "name": "Frozen Pizza",
    "category": "Food",
    "size": "M",
    "storage_type": "refrigerated",
    "stock_level": 100,
    "min_stock_level": 20,
    "max_stock_level": 150,
    "supplierID": 3,
    "locationID": 5,
    "created_at": {
      "$date": "2025-06-09T16:11:58.642Z"
    },
    "updated_at": {
      "$date": "2025-07-11T13:03:12.964Z"
    }
  },
  {
    "_id": {
      "$oid": "684707ceee1a259bd009532c"
    },
    "itemID": 6,
    "name": "Fresh Vegetables",
    "category": "Food",
    "size": "L",
    "storage_type": "refrigerated",
    "stock_level": 120,
    "min_stock_level": 30,
    "max_stock_level": 200,
    "supplierID": 3,
    "locationID": 6,
    "created_at": {
      "$date": "2025-06-09T16:11:58.642Z"
    },
    "updated_at": {
      "$date": "2025-06-09T16:11:58.643Z"
    }
  },
  {
    "_id": {
      "$oid": "684707ceee1a259bd009532d"
    },
    "itemID": 7,
    "name": "Wireless Headphones",
    "category": "Electronics",
    "size": "S",
    "storage_type": "standard",
    "stock_level": 145,
    "min_stock_level": 15,
    "max_stock_level": 150,
    "supplierID": 1,
    "locationID": 7,
    "created_at": {
      "$date": "2025-06-09T16:11:58.643Z"
    },
    "updated_at": {
      "$date": "2025-07-17T05:03:37.288Z"
    }
  }
]