[
  {
    "_id": {
      "$oid": "68768fdd586d2df3cc05a616"
    },
    "locationID": "B01.1",
    "category": "M",
    "coordinates": {
      "x": 1,
      "y": 2,
      "floor": 1
    },
    "itemID": 2,
    "itemName": "Laptop ABC",
    "lastUpdated": {
      "$date": "2025-07-17T05:09:11.981Z"
    },
    "occupied": true,
    "quantity": 30,
    "storedAt": {
      "$date": "2025-07-17T05:09:11.981Z"
    }
  },
  {
    "_id": {
      "$oid": "6876a106586d2df3cc05a61c"
    },
    "locationID": "B01.2",
    "category": "M",
    "coordinates": {
      "x": 1,
      "y": 2,
      "floor": 2
    },
    "itemID": 5,
    "itemName": "Frozen Pizza",
    "lastUpdated": {
      "$date": "2025-07-15T18:42:31.587Z"
    },
    "occupied": true,
    "quantity": 50,
    "storedAt": {
      "$date": "2025-07-15T18:42:31.587Z"
    }
  },
  {
    "_id": {
      "$oid": "6876a149586d2df3cc05a63c"
    },
    "locationID": "B01.3",
    "category": "M",
    "coordinates": {
      "x": 1,
      "y": 2,
      "floor": 3
    },
    "itemID": 2,
    "itemName": "Laptop ABC",
    "lastUpdated": {
      "$date": "2025-07-15T18:43:20.622Z"
    },
    "occupied": true,
    "quantity": 2,
    "storedAt": {
      "$date": "2025-07-15T18:43:20.622Z"
    }
  },
  {
    "_id": {
      "$oid": "6876a164586d2df3cc05a63d"
    },
    "locationID": "B01.4",
    "category": "M",
    "coordinates": {
      "x": 1,
      "y": 2,
      "floor": 4
    },
    "itemID": 2,
    "itemName": "Laptop ABC",
    "lastUpdated": {
      "$date": "2025-07-15T18:43:47.778Z"
    },
    "occupied": true,
    "quantity": 2,
    "storedAt": {
      "$date": "2025-07-15T18:43:47.778Z"
    }
  },
  {
    "_id": {
      "$oid": "6876a17f586d2df3cc05a63e"
    },
    "locationID": "B02.1",
    "category": "M",
    "coordinates": {
      "x": 1,
      "y": 3,
      "floor": 1
    },
    "itemID": 2,
    "itemName": "Laptop ABC",
    "lastUpdated": {
      "$date": "2025-07-15T18:44:14.997Z"
    },
    "occupied": true,
    "quantity": 2,
    "storedAt": {
      "$date": "2025-07-15T18:44:14.997Z"
    }
  },
  {
    "_id": {
      "$oid": "68772238586d2df3cc05a664"
    },
    "locationID": "D01.1",
    "category": "L",
    "coordinates": {
      "x": 3,
      "y": 10,
      "floor": 1
    },
    "itemID": 3,
    "itemName": "T-shirt Large",
    "lastUpdated": {
      "$date": "2025-07-17T15:56:49.401Z"
    },
    "occupied": true,
    "quantity": 50,
    "storedAt": {
      "$date": "2025-07-17T15:56:49.401Z"
    }
  },
  {
    "_id": {
      "$oid": "68772407586d2df3cc05a665"
    },
    "locationID": "B02.2",
    "category": "M",
    "coordinates": {
      "x": 1,
      "y": 3,
      "floor": 2
    },
    "itemID": 4,
    "itemName": "Jeans Medium",
    "lastUpdated": {
      "$date": "2025-07-16T04:01:08.824Z"
    },
    "occupied": true,
    "quantity": 2,
    "storedAt": {
      "$date": "2025-07-16T04:01:08.824Z"
    }
  },
  {
    "_id": {
      "$oid": "687885ab586d2df3cc05a87c"
    },
    "locationID": "P01.1",
    "category": "S",
    "coordinates": {
      "x": 7,
      "y": 2,
      "floor": 1
    },
    "itemID": 1,
    "itemName": "Smartphone XYZ",
    "lastUpdated": {
      "$date": "2025-07-17T05:10:02.771Z"
    },
    "occupied": true,
    "quantity": 10,
    "storedAt": {
      "$date": "2025-07-17T05:10:02.771Z"
    }
  }
]