[
  {
    "_id": {
      "$oid": "68765fc8133c608d77965f61"
    },
    "locationID": "B01.1",
    "slotCode": "B01",
    "floor": 1,
    "type": "M",
    "available": false,
    "itemID": 2,
    "itemName": "Laptop ABC",
    "quantity": 30,
    "lastUpdated": "2025-07-17T05:09:18.946117",
    "receivingID": 11,
    "storedAt": "2025-07-17T05:09:18.946050",
    "storedBy": "picker"
  },
  {
    "_id": {
      "$oid": "68765fc8133c608d77965f62"
    },
    "locationID": "B01.2",
    "slotCode": "B01",
    "floor": 2,
    "type": "M",
    "available": true,
    "itemID": null,
    "itemName": null,
    "quantity": 0,
    "lastUpdated": "2025-07-16T14:41:21.982060",
    "resetAt": "2025-07-16T14:41:21.982268",
    "resetBy": "system_reset"
  },
  {
    "_id": {
      "$oid": "68765fc8133c608d77965f63"
    },
    "locationID": "B01.3",
    "slotCode": "B01",
    "floor": 3,
    "type": "M",
    "available": true,
    "itemID": null,
    "itemName": null,
    "quantity": 0,
    "lastUpdated": "2025-07-16T14:41:21.982060",
    "resetAt": "2025-07-16T14:41:21.982268",
    "resetBy": "system_reset"
  },
  {
    "_id": {
      "$oid": "68765fc8133c608d77965f64"
    },
    "locationID": "B01.4",
    "slotCode": "B01",
    "floor": 4,
    "type": "M",
    "available": true,
    "itemID": null,
    "itemName": null,
    "quantity": 0,
    "lastUpdated": "2025-07-16T14:41:21.982060",
    "resetAt": "2025-07-16T14:41:21.982268",
    "resetBy": "system_reset"
  },
  {
    "_id": {
      "$oid": "68765fc8133c608d77965f65"
    },
    "locationID": "B02.1",
    "slotCode": "B02",
    "floor": 1,
    "type": "M",
    "available": true,
    "itemID": null,
    "itemName": null,
    "quantity": 0,
    "lastUpdated": "2025-07-16T14:41:21.982060",
    "resetAt": "2025-07-16T14:41:21.982268",
    "resetBy": "system_reset"
  },
  {
    "_id": {
      "$oid": "68765fc8133c608d77965f66"
    },
    "locationID": "B02.2",
    "slotCode": "B02",
    "floor": 2,
    "type": "M",
    "available": true,
    "itemID": null,
    "itemName": null,
    "quantity": 0,
    "lastUpdated": "2025-07-16T14:41:21.982060",
    "resetAt": "2025-07-16T14:41:21.982268",
    "resetBy": "system_reset"
  },
  {
    "_id": {
      "$oid": "68765fc8133c608d77965f67"
    },
    "locationID": "B02.3",
    "slotCode": "B02",
    "floor": 3,
    "type": "M",
    "available": true,
    "itemID": null,
    "itemName": null,
    "quantity": 0,
    "lastUpdated": "2025-07-15T14:03:51.448084"
  },
  {
    "_id": {
      "$oid": "68765fc8133c608d77965f68"
    },
    "locationID": "B02.4",
    "slotCode": "B02",
    "floor": 4,
    "type": "M",
    "available": true,
    "itemID": null,
    "itemName": null,
    "quantity": 0,
    "lastUpdated": "2025-07-15T14:03:51.448087"
  },
  {
    "_id": {
      "$oid": "68765fc8133c608d77965f69"
    },
    "locationID": "B03.1",
    "slotCode": "B03",
    "floor": 1,
    "type": "M",
    "available": true,
    "itemID": null,
    "itemName": null,
    "quantity": 0,
    "lastUpdated": "2025-07-15T14:03:51.448090"
  },
  {
    "_id": {
      "$oid": "68765fc8133c608d77965f6a"
    },
    "locationID": "B03.2",
    "slotCode": "B03",
    "floor": 2,
    "type": "M",
    "available": true,
    "itemID": null,
    "itemName": null,
    "quantity": 0,
    "lastUpdated": "2025-07-15T14:03:51.448093"
  },
  {
    "_id": {
      "$oid": "68765fc8133c608d77965f6b"
    },
    "locationID": "B03.3",
    "slotCode": "B03",
    "floor": 3,
    "type": "M",
    "available": true,
    "itemID": null,
    "itemName": null,
    "quantity": 0,
    "lastUpdated": "2025-07-15T14:03:51.448096"
  },
  {
    "_id": {
      "$oid": "68765fc8133c608d77965f6c"
    },
    "locationID": "B03.4",
    "slotCode": "B03",
    "floor": 4,
    "type": "M",
    "available": true,
    "itemID": null,
    "itemName": null,
    "quantity": 0,
    "lastUpdated": "2025-07-15T14:03:51.448099"
  },
  {
    "_id": {
      "$oid": "68765fc8133c608d77965f6d"
    },
    "locationID": "B04.1",
    "slotCode": "B04",
    "floor": 1,
    "type": "M",
    "available": true,
    "itemID": null,
    "itemName": null,
    "quantity": 0,
    "lastUpdated": "2025-07-15T14:03:51.448102"
  },
  {
    "_id": {
      "$oid": "68765fc8133c608d77965f6e"
    },
    "locationID": "B04.2",
    "slotCode": "B04",
    "floor": 2,
    "type": "M",
    "available": true,
    "itemID": null,
    "itemName": null,
    "quantity": 0,
    "lastUpdated": "2025-07-15T14:03:51.448104"
  },
  {
    "_id": {
      "$oid": "68765fc8133c608d77965f6f"
    },
    "locationID": "B04.3",
    "slotCode": "B04",
    "floor": 3,
    "type": "M",
    "available": true,
    "itemID": null,
    "itemName": null,
    "quantity": 0,
    "lastUpdated": "2025-07-15T14:03:51.448106"
  },
  {
    "_id": {
      "$oid": "68765fc8133c608d77965f70"
    },
    "locationID": "B04.4",
    "slotCode": "B04",
    "floor": 4,
    "type": "M",
    "available": true,
    "itemID": null,
    "itemName": null,
    "quantity": 0,
    "lastUpdated": "2025-07-15T14:03:51.448109"
  },
  {
    "_id": {
      "$oid": "68765fc8133c608d77965f71"
    },
    "locationID": "B05.1",
    "slotCode": "B05",
    "floor": 1,
    "type": "M",
    "available": true,
    "itemID": null,
    "itemName": null,
    "quantity": 0,
    "lastUpdated": "2025-07-15T14:03:51.448111"
  },
  {
    "_id": {
      "$oid": "68765fc8133c608d77965f72"
    },
    "locationID": "B05.2",
    "slotCode": "B05",
    "floor": 2,
    "type": "M",
    "available": true,
    "itemID": null,
    "itemName": null,
    "quantity": 0,
    "lastUpdated": "2025-07-15T14:03:51.448113"
  },
  {
    "_id": {
      "$oid": "68765fc8133c608d77965f73"
    },
    "locationID": "B05.3",
    "slotCode": "B05",
    "floor": 3,
    "type": "M",
    "available": true,
    "itemID": null,
    "itemName": null,
    "quantity": 0,
    "lastUpdated": "2025-07-15T14:03:51.448115"
  },
  {
    "_id": {
      "$oid": "68765fc8133c608d77965f74"
    },
    "locationID": "B05.4",
    "slotCode": "B05",
    "floor": 4,
    "type": "M",
    "available": true,
    "itemID": null,
    "itemName": null,
    "quantity": 0,
    "lastUpdated": "2025-07-15T14:03:51.448117"
  },
  {
    "_id": {
      "$oid": "68765fc8133c608d77965f75"
    },
    "locationID": "B06.1",
    "slotCode": "B06",
    "floor": 1,
    "type": "M",
    "available": true,
    "itemID": null,
    "itemName": null,
    "quantity": 0,
    "lastUpdated": "2025-07-15T14:03:51.448120"
  },
  {
    "_id": {
      "$oid": "68765fc8133c608d77965f76"
    },
    "locationID": "B06.2",
    "slotCode": "B06",
    "floor": 2,
    "type": "M",
    "available": true,
    "itemID": null,
    "itemName": null,
    "quantity": 0,
    "lastUpdated": "2025-07-15T14:03:51.448123"
  },
  {
    "_id": {
      "$oid": "68765fc8133c608d77965f77"
    },
    "locationID": "B06.3",
    "slotCode": "B06",
    "floor": 3,
    "type": "M",
    "available": true,
    "itemID": null,
    "itemName": null,
    "quantity": 0,
    "lastUpdated": "2025-07-15T14:03:51.448125"
  },
  {
    "_id": {
      "$oid": "68765fc8133c608d77965f78"
    },
    "locationID": "B06.4",
    "slotCode": "B06",
    "floor": 4,
    "type": "M",
    "available": true,
    "itemID": null,
    "itemName": null,
    "quantity": 0,
    "lastUpdated": "2025-07-15T14:03:51.448127"
  },
  {
    "_id": {
      "$oid": "68765fc8133c608d77965f79"
    },
    "locationID": "B07.1",
    "slotCode": "B07",
    "floor": 1,
    "type": "M",
    "available": true,
    "itemID": null,
    "itemName": null,
    "quantity": 0,
    "lastUpdated": "2025-07-15T14:03:51.448130"
  },
  {
    "_id": {
      "$oid": "68765fc8133c608d77965f7a"
    },
    "locationID": "B07.2",
    "slotCode": "B07",
    "floor": 2,
    "type": "M",
    "available": true,
    "itemID": null,
    "itemName": null,
    "quantity": 0,
    "lastUpdated": "2025-07-15T14:03:51.448132"
  },
  {
    "_id": {
      "$oid": "68765fc8133c608d77965f7b"
    },
    "locationID": "B07.3",
    "slotCode": "B07",
    "floor": 3,
    "type": "M",
    "available": true,
    "itemID": null,
    "itemName": null,
    "quantity": 0,
    "lastUpdated": "2025-07-15T14:03:51.448135"
  },
  {
    "_id": {
      "$oid": "68765fc8133c608d77965f7c"
    },
    "locationID": "B07.4",
    "slotCode": "B07",
    "floor": 4,
    "type": "M",
    "available": true,
    "itemID": null,
    "itemName": null,
    "quantity": 0,
    "lastUpdated": "2025-07-15T14:03:51.448138"
  },
  {
    "_id": {
      "$oid": "68765fc8133c608d77965f7d"
    },
    "locationID": "B08.1",
    "slotCode": "B08",
    "floor": 1,
    "type": "M",
    "available": true,
    "itemID": null,
    "itemName": null,
    "quantity": 0,
    "lastUpdated": "2025-07-15T14:03:51.448141"
  },
  {
    "_id": {
      "$oid": "68765fc8133c608d77965f7e"
    },
    "locationID": "B08.2",
    "slotCode": "B08",
    "floor": 2,
    "type": "M",
    "available": true,
    "itemID": null,
    "itemName": null,
    "quantity": 0,
    "lastUpdated": "2025-07-15T14:03:51.448143"
  },
  {
    "_id": {
      "$oid": "68765fc8133c608d77965f7f"
    },
    "locationID": "B08.3",
    "slotCode": "B08",
    "floor": 3,
    "type": "M",
    "available": true,
    "itemID": null,
    "itemName": null,
    "quantity": 0,
    "lastUpdated": "2025-07-15T14:03:51.448146"
  },
  {
    "_id": {
      "$oid": "68765fc8133c608d77965f80"
    },
    "locationID": "B08.4",
    "slotCode": "B08",
    "floor": 4,
    "type": "M",
    "available": true,
    "itemID": null,
    "itemName": null,
    "quantity": 0,
    "lastUpdated": "2025-07-15T14:03:51.448149"
  },
  {
    "_id": {
      "$oid": "68765fc8133c608d77965f81"
    },
    "locationID": "B09.1",
    "slotCode": "B09",
    "floor": 1,
    "type": "M",
    "available": true,
    "itemID": null,
    "itemName": null,
    "quantity": 0,
    "lastUpdated": "2025-07-15T14:03:51.448152"
  },
  {
    "_id": {
      "$oid": "68765fc8133c608d77965f82"
    },
    "locationID": "B09.2",
    "slotCode": "B09",
    "floor": 2,
    "type": "M",
    "available": true,
    "itemID": null,
    "itemName": null,
    "quantity": 0,
    "lastUpdated": "2025-07-15T14:03:51.448154"
  },
  {
    "_id": {
      "$oid": "68765fc8133c608d77965f83"
    },
    "locationID": "B09.3",
    "slotCode": "B09",
    "floor": 3,
    "type": "M",
    "available": true,
    "itemID": null,
    "itemName": null,
    "quantity": 0,
    "lastUpdated": "2025-07-15T14:03:51.448157"
  },
  {
    "_id": {
      "$oid": "68765fc8133c608d77965f84"
    },
    "locationID": "B09.4",
    "slotCode": "B09",
    "floor": 4,
    "type": "M",
    "available": true,
    "itemID": null,
    "itemName": null,
    "quantity": 0,
    "lastUpdated": "2025-07-15T14:03:51.448159"
  },
  {
    "_id": {
      "$oid": "68765fc8133c608d77965f85"
    },
    "locationID": "B10.1",
    "slotCode": "B10",
    "floor": 1,
    "type": "M",
    "available": true,
    "itemID": null,
    "itemName": null,
    "quantity": 0,
    "lastUpdated": "2025-07-15T14:03:51.448162"
  },
  {
    "_id": {
      "$oid": "68765fc8133c608d77965f86"
    },
    "locationID": "B10.2",
    "slotCode": "B10",
    "floor": 2,
    "type": "M",
    "available": true,
    "itemID": null,
    "itemName": null,
    "quantity": 0,
    "lastUpdated": "2025-07-15T14:03:51.448165"
  },
  {
    "_id": {
      "$oid": "68765fc8133c608d77965f87"
    },
    "locationID": "B10.3",
    "slotCode": "B10",
    "floor": 3,
    "type": "M",
    "available": true,
    "itemID": null,
    "itemName": null,
    "quantity": 0,
    "lastUpdated": "2025-07-15T14:03:51.448168"
  },
  {
    "_id": {
      "$oid": "68765fc8133c608d77965f88"
    },
    "locationID": "B10.4",
    "slotCode": "B10",
    "floor": 4,
    "type": "M",
    "available": true,
    "itemID": null,
    "itemName": null,
    "quantity": 0,
    "lastUpdated": "2025-07-15T14:03:51.448170"
  },
  {
    "_id": {
      "$oid": "68765fc8133c608d77965f89"
    },
    "locationID": "B11.1",
    "slotCode": "B11",
    "floor": 1,
    "type": "M",
    "available": true,
    "itemID": null,
    "itemName": null,
    "quantity": 0,
    "lastUpdated": "2025-07-15T14:03:51.448173"
  },
  {
    "_id": {
      "$oid": "68765fc8133c608d77965f8a"
    },
    "locationID": "B11.2",
    "slotCode": "B11",
    "floor": 2,
    "type": "M",
    "available": true,
    "itemID": null,
    "itemName": null,
    "quantity": 0,
    "lastUpdated": "2025-07-15T14:03:51.448175"
  },
  {
    "_id": {
      "$oid": "68765fc8133c608d77965f8b"
    },
    "locationID": "B11.3",
    "slotCode": "B11",
    "floor": 3,
    "type": "M",
    "available": true,
    "itemID": null,
    "itemName": null,
    "quantity": 0,
    "lastUpdated": "2025-07-15T14:03:51.448178"
  },
  {
    "_id": {
      "$oid": "68765fc8133c608d77965f8c"
    },
    "locationID": "B11.4",
    "slotCode": "B11",
    "floor": 4,
    "type": "M",
    "available": true,
    "itemID": null,
    "itemName": null,
    "quantity": 0,
    "lastUpdated": "2025-07-15T14:03:51.448180"
  },
  {
    "_id": {
      "$oid": "68765fc8133c608d77965f8d"
    },
    "locationID": "B12.1",
    "slotCode": "B12",
    "floor": 1,
    "type": "M",
    "available": true,
    "itemID": null,
    "itemName": null,
    "quantity": 0,
    "lastUpdated": "2025-07-15T14:03:51.448184"
  },
  {
    "_id": {
      "$oid": "68765fc8133c608d77965f8e"
    },
    "locationID": "B12.2",
    "slotCode": "B12",
    "floor": 2,
    "type": "M",
    "available": true,
    "itemID": null,
    "itemName": null,
    "quantity": 0,
    "lastUpdated": "2025-07-15T14:03:51.448187"
  },
  {
    "_id": {
      "$oid": "68765fc8133c608d77965f8f"
    },
    "locationID": "B12.3",
    "slotCode": "B12",
    "floor": 3,
    "type": "M",
    "available": true,
    "itemID": null,
    "itemName": null,
    "quantity": 0,
    "lastUpdated": "2025-07-15T14:03:51.448190"
  },
  {
    "_id": {
      "$oid": "68765fc8133c608d77965f90"
    },
    "locationID": "B12.4",
    "slotCode": "B12",
    "floor": 4,
    "type": "M",
    "available": true,
    "itemID": null,
    "itemName": null,
    "quantity": 0,
    "lastUpdated": "2025-07-15T14:03:51.448192"
  },
  {
    "_id": {
      "$oid": "68765fc8133c608d77965f91"
    },
    "locationID": "B13.1",
    "slotCode": "B13",
    "floor": 1,
    "type": "M",
    "available": true,
    "itemID": null,
    "itemName": null,
    "quantity": 0,
    "lastUpdated": "2025-07-15T14:03:51.448195"
  },
  {
    "_id": {
      "$oid": "68765fc8133c608d77965f92"
    },
    "locationID": "B13.2",
    "slotCode": "B13",
    "floor": 2,
    "type": "M",
    "available": true,
    "itemID": null,
    "itemName": null,
    "quantity": 0,
    "lastUpdated": "2025-07-15T14:03:51.448197"
  },
  {
    "_id": {
      "$oid": "68765fc8133c608d77965f93"
    },
    "locationID": "B13.3",
    "slotCode": "B13",
    "floor": 3,
    "type": "M",
    "available": true,
    "itemID": null,
    "itemName": null,
    "quantity": 0,
    "lastUpdated": "2025-07-15T14:03:51.448200"
  },
  {
    "_id": {
      "$oid": "68765fc8133c608d77965f94"
    },
    "locationID": "B13.4",
    "slotCode": "B13",
    "floor": 4,
    "type": "M",
    "available": true,
    "itemID": null,
    "itemName": null,
    "quantity": 0,
    "lastUpdated": "2025-07-15T14:03:51.448202"
  },
  {
    "_id": {
      "$oid": "68765fc8133c608d77965f95"
    },
    "locationID": "B14.1",
    "slotCode": "B14",
    "floor": 1,
    "type": "M",
    "available": true,
    "itemID": null,
    "itemName": null,
    "quantity": 0,
    "lastUpdated": "2025-07-15T14:03:51.448205"
  },
  {
    "_id": {
      "$oid": "68765fc8133c608d77965f96"
    },
    "locationID": "B14.2",
    "slotCode": "B14",
    "floor": 2,
    "type": "M",
    "available": true,
    "itemID": null,
    "itemName": null,
    "quantity": 0,
    "lastUpdated": "2025-07-15T14:03:51.448208"
  },
  {
    "_id": {
      "$oid": "68765fc8133c608d77965f97"
    },
    "locationID": "B14.3",
    "slotCode": "B14",
    "floor": 3,
    "type": "M",
    "available": true,
    "itemID": null,
    "itemName": null,
    "quantity": 0,
    "lastUpdated": "2025-07-15T14:03:51.448210"
  },
  {
    "_id": {
      "$oid": "68765fc8133c608d77965f98"
    },
    "locationID": "B14.4",
    "slotCode": "B14",
    "floor": 4,
    "type": "M",
    "available": true,
    "itemID": null,
    "itemName": null,
    "quantity": 0,
    "lastUpdated": "2025-07-15T14:03:51.448213"
  },
  {
    "_id": {
      "$oid": "68765fc8133c608d77965f99"
    },
    "locationID": "B15.1",
    "slotCode": "B15",
    "floor": 1,
    "type": "M",
    "available": true,
    "itemID": null,
    "itemName": null,
    "quantity": 0,
    "lastUpdated": "2025-07-15T14:03:51.448215"
  },
  {
    "_id": {
      "$oid": "68765fc8133c608d77965f9a"
    },
    "locationID": "B15.2",
    "slotCode": "B15",
    "floor": 2,
    "type": "M",
    "available": true,
    "itemID": null,
    "itemName": null,
    "quantity": 0,
    "lastUpdated": "2025-07-15T14:03:51.448217"
  },
  {
    "_id": {
      "$oid": "68765fc8133c608d77965f9b"
    },
    "locationID": "B15.3",
    "slotCode": "B15",
    "floor": 3,
    "type": "M",
    "available": true,
    "itemID": null,
    "itemName": null,
    "quantity": 0,
    "lastUpdated": "2025-07-15T14:03:51.448220"
  },
  {
    "_id": {
      "$oid": "68765fc8133c608d77965f9c"
    },
    "locationID": "B15.4",
    "slotCode": "B15",
    "floor": 4,
    "type": "M",
    "available": true,
    "itemID": null,
    "itemName": null,
    "quantity": 0,
    "lastUpdated": "2025-07-15T14:03:51.448222"
  },
  {
    "_id": {
      "$oid": "68765fc8133c608d77965f9d"
    },
    "locationID": "B16.1",
    "slotCode": "B16",
    "floor": 1,
    "type": "M",
    "available": true,
    "itemID": null,
    "itemName": null,
    "quantity": 0,
    "lastUpdated": "2025-07-15T14:03:51.448224"
  },
  {
    "_id": {
      "$oid": "68765fc8133c608d77965f9e"
    },
    "locationID": "B16.2",
    "slotCode": "B16",
    "floor": 2,
    "type": "M",
    "available": true,
    "itemID": null,
    "itemName": null,
    "quantity": 0,
    "lastUpdated": "2025-07-15T14:03:51.448226"
  },
  {
    "_id": {
      "$oid": "68765fc8133c608d77965f9f"
    },
    "locationID": "B16.3",
    "slotCode": "B16",
    "floor": 3,
    "type": "M",
    "available": true,
    "itemID": null,
    "itemName": null,
    "quantity": 0,
    "lastUpdated": "2025-07-15T14:03:51.448228"
  },
  {
    "_id": {
      "$oid": "68765fc8133c608d77965fa0"
    },
    "locationID": "B16.4",
    "slotCode": "B16",
    "floor": 4,
    "type": "M",
    "available": true,
    "itemID": null,
    "itemName": null,
    "quantity": 0,
    "lastUpdated": "2025-07-15T14:03:51.448230"
  },
  {
    "_id": {
      "$oid": "68765fc8133c608d77965fa1"
    },
    "locationID": "B17.1",
    "slotCode": "B17",
    "floor": 1,
    "type": "M",
    "available": true,
    "itemID": null,
    "itemName": null,
    "quantity": 0,
    "lastUpdated": "2025-07-15T14:03:51.448233"
  },
  {
    "_id": {
      "$oid": "68765fc8133c608d77965fa2"
    },
    "locationID": "B17.2",
    "slotCode": "B17",
    "floor": 2,
    "type": "M",
    "available": true,
    "itemID": null,
    "itemName": null,
    "quantity": 0,
    "lastUpdated": "2025-07-15T14:03:51.448236"
  },
  {
    "_id": {
      "$oid": "68765fc8133c608d77965fa3"
    },
    "locationID": "B17.3",
    "slotCode": "B17",
    "floor": 3,
    "type": "M",
    "available": true,
    "itemID": null,
    "itemName": null,
    "quantity": 0,
    "lastUpdated": "2025-07-15T14:03:51.448239"
  },
  {
    "_id": {
      "$oid": "68765fc8133c608d77965fa4"
    },
    "locationID": "B17.4",
    "slotCode": "B17",
    "floor": 4,
    "type": "M",
    "available": true,
    "itemID": null,
    "itemName": null,
    "quantity": 0,
    "lastUpdated": "2025-07-15T14:03:51.448242"
  },
  {
    "_id": {
      "$oid": "68765fc8133c608d77965fa5"
    },
    "locationID": "B18.1",
    "slotCode": "B18",
    "floor": 1,
    "type": "M",
    "available": true,
    "itemID": null,
    "itemName": null,
    "quantity": 0,
    "lastUpdated": "2025-07-15T14:03:51.448244"
  },
  {
    "_id": {
      "$oid": "68765fc8133c608d77965fa6"
    },
    "locationID": "B18.2",
    "slotCode": "B18",
    "floor": 2,
    "type": "M",
    "available": true,
    "itemID": null,
    "itemName": null,
    "quantity": 0,
    "lastUpdated": "2025-07-15T14:03:51.448246"
  },
  {
    "_id": {
      "$oid": "68765fc8133c608d77965fa7"
    },
    "locationID": "B18.3",
    "slotCode": "B18",
    "floor": 3,
    "type": "M",
    "available": true,
    "itemID": null,
    "itemName": null,
    "quantity": 0,
    "lastUpdated": "2025-07-15T14:03:51.448249"
  },
  {
    "_id": {
      "$oid": "68765fc8133c608d77965fa8"
    },
    "locationID": "B18.4",
    "slotCode": "B18",
    "floor": 4,
    "type": "M",
    "available": true,
    "itemID": null,
    "itemName": null,
    "quantity": 0,
    "lastUpdated": "2025-07-15T14:03:51.448251"
  },
  {
    "_id": {
      "$oid": "68765fc8133c608d77965fa9"
    },
    "locationID": "B19.1",
    "slotCode": "B19",
    "floor": 1,
    "type": "M",
    "available": true,
    "itemID": null,
    "itemName": null,
    "quantity": 0,
    "lastUpdated": "2025-07-15T14:03:51.448253"
  },
  {
    "_id": {
      "$oid": "68765fc8133c608d77965faa"
    },
    "locationID": "B19.2",
    "slotCode": "B19",
    "floor": 2,
    "type": "M",
    "available": true,
    "itemID": null,
    "itemName": null,
    "quantity": 0,
    "lastUpdated": "2025-07-15T14:03:51.448255"
  },
  {
    "_id": {
      "$oid": "68765fc8133c608d77965fab"
    },
    "locationID": "B19.3",
    "slotCode": "B19",
    "floor": 3,
    "type": "M",
    "available": true,
    "itemID": null,
    "itemName": null,
    "quantity": 0,
    "lastUpdated": "2025-07-15T14:03:51.448257"
  },
  {
    "_id": {
      "$oid": "68765fc8133c608d77965fac"
    },
    "locationID": "B19.4",
    "slotCode": "B19",
    "floor": 4,
    "type": "M",
    "available": true,
    "itemID": null,
    "itemName": null,
    "quantity": 0,
    "lastUpdated": "2025-07-15T14:03:51.448259"
  },
  {
    "_id": {
      "$oid": "68765fc8133c608d77965fad"
    },
    "locationID": "B20.1",
    "slotCode": "B20",
    "floor": 1,
    "type": "M",
    "available": true,
    "itemID": null,
    "itemName": null,
    "quantity": 0,
    "lastUpdated": "2025-07-15T14:03:51.448262"
  },
  {
    "_id": {
      "$oid": "68765fc8133c608d77965fae"
    },
    "locationID": "B20.2",
    "slotCode": "B20",
    "floor": 2,
    "type": "M",
    "available": true,
    "itemID": null,
    "itemName": null,
    "quantity": 0,
    "lastUpdated": "2025-07-15T14:03:51.448273"
  },
  {
    "_id": {
      "$oid": "68765fc8133c608d77965faf"
    },
    "locationID": "B20.3",
    "slotCode": "B20",
    "floor": 3,
    "type": "M",
    "available": true,
    "itemID": null,
    "itemName": null,
    "quantity": 0,
    "lastUpdated": "2025-07-15T14:03:51.448276"
  },
  {
    "_id": {
      "$oid": "68765fc8133c608d77965fb0"
    },
    "locationID": "B20.4",
    "slotCode": "B20",
    "floor": 4,
    "type": "M",
    "available": true,
    "itemID": null,
    "itemName": null,
    "quantity": 0,
    "lastUpdated": "2025-07-15T14:03:51.448278"
  },
  {
    "_id": {
      "$oid": "68765fc8133c608d77965fb1"
    },
    "locationID": "B21.1",
    "slotCode": "B21",
    "floor": 1,
    "type": "M",
    "available": true,
    "itemID": null,
    "itemName": null,
    "quantity": 0,
    "lastUpdated": "2025-07-15T14:03:51.448281"
  },
  {
    "_id": {
      "$oid": "68765fc8133c608d77965fb2"
    },
    "locationID": "B21.2",
    "slotCode": "B21",
    "floor": 2,
    "type": "M",
    "available": true,
    "itemID": null,
    "itemName": null,
    "quantity": 0,
    "lastUpdated": "2025-07-15T14:03:51.448283"
  },
  {
    "_id": {
      "$oid": "68765fc8133c608d77965fb3"
    },
    "locationID": "B21.3",
    "slotCode": "B21",
    "floor": 3,
    "type": "M",
    "available": true,
    "itemID": null,
    "itemName": null,
    "quantity": 0,
    "lastUpdated": "2025-07-15T14:03:51.448285"
  },
  {
    "_id": {
      "$oid": "68765fc8133c608d77965fb4"
    },
    "locationID": "B21.4",
    "slotCode": "B21",
    "floor": 4,
    "type": "M",
    "available": true,
    "itemID": null,
    "itemName": null,
    "quantity": 0,
    "lastUpdated": "2025-07-15T14:03:51.448288"
  },
  {
    "_id": {
      "$oid": "68765fc8133c608d77965fb5"
    },
    "locationID": "P01.1",
    "slotCode": "P01",
    "floor": 1,
    "type": "S",
    "available": false,
    "itemID": 1,
    "itemName": "Smartphone XYZ",
    "quantity": 10,
    "lastUpdated": "2025-07-17T05:10:09.837961",
    "receivingID": 4,
    "storedAt": "2025-07-17T05:10:09.837937",
    "storedBy": "picker"
  },
  {
    "_id": {
      "$oid": "68765fc8133c608d77965fb6"
    },
    "locationID": "P01.2",
    "slotCode": "P01",
    "floor": 2,
    "type": "S",
    "available": true,
    "itemID": null,
    "itemName": null,
    "quantity": 0,
    "lastUpdated": "2025-07-15T14:03:51.448295"
  },
  {
    "_id": {
      "$oid": "68765fc8133c608d77965fb7"
    },
    "locationID": "P01.3",
    "slotCode": "P01",
    "floor": 3,
    "type": "S",
    "available": true,
    "itemID": null,
    "itemName": null,
    "quantity": 0,
    "lastUpdated": "2025-07-15T14:03:51.448298"
  },
  {
    "_id": {
      "$oid": "68765fc8133c608d77965fb8"
    },
    "locationID": "P01.4",
    "slotCode": "P01",
    "floor": 4,
    "type": "S",
    "available": true,
    "itemID": null,
    "itemName": null,
    "quantity": 0,
    "lastUpdated": "2025-07-15T14:03:51.448301"
  },
  {
    "_id": {
      "$oid": "68765fc8133c608d77965fb9"
    },
    "locationID": "P02.1",
    "slotCode": "P02",
    "floor": 1,
    "type": "S",
    "available": true,
    "itemID": null,
    "itemName": null,
    "quantity": 0,
    "lastUpdated": "2025-07-15T14:03:51.448304"
  },
  {
    "_id": {
      "$oid": "68765fc8133c608d77965fba"
    },
    "locationID": "P02.2",
    "slotCode": "P02",
    "floor": 2,
    "type": "S",
    "available": true,
    "itemID": null,
    "itemName": null,
    "quantity": 0,
    "lastUpdated": "2025-07-15T14:03:51.448306"
  },
  {
    "_id": {
      "$oid": "68765fc8133c608d77965fbb"
    },
    "locationID": "P02.3",
    "slotCode": "P02",
    "floor": 3,
    "type": "S",
    "available": true,
    "itemID": null,
    "itemName": null,
    "quantity": 0,
    "lastUpdated": "2025-07-15T14:03:51.448308"
  },
  {
    "_id": {
      "$oid": "68765fc8133c608d77965fbc"
    },
    "locationID": "P02.4",
    "slotCode": "P02",
    "floor": 4,
    "type": "S",
    "available": true,
    "itemID": null,
    "itemName": null,
    "quantity": 0,
    "lastUpdated": "2025-07-15T14:03:51.448310"
  },
  {
    "_id": {
      "$oid": "68765fc8133c608d77965fbd"
    },
    "locationID": "P03.1",
    "slotCode": "P03",
    "floor": 1,
    "type": "S",
    "available": true,
    "itemID": null,
    "itemName": null,
    "quantity": 0,
    "lastUpdated": "2025-07-15T14:03:51.448313"
  },
  {
    "_id": {
      "$oid": "68765fc8133c608d77965fbe"
    },
    "locationID": "P03.2",
    "slotCode": "P03",
    "floor": 2,
    "type": "S",
    "available": true,
    "itemID": null,
    "itemName": null,
    "quantity": 0,
    "lastUpdated": "2025-07-15T14:03:51.448316"
  },
  {
    "_id": {
      "$oid": "68765fc8133c608d77965fbf"
    },
    "locationID": "P03.3",
    "slotCode": "P03",
    "floor": 3,
    "type": "S",
    "available": true,
    "itemID": null,
    "itemName": null,
    "quantity": 0,
    "lastUpdated": "2025-07-15T14:03:51.448318"
  },
  {
    "_id": {
      "$oid": "68765fc8133c608d77965fc0"
    },
    "locationID": "P03.4",
    "slotCode": "P03",
    "floor": 4,
    "type": "S",
    "available": true,
    "itemID": null,
    "itemName": null,
    "quantity": 0,
    "lastUpdated": "2025-07-15T14:03:51.448321"
  },
  {
    "_id": {
      "$oid": "68765fc8133c608d77965fc1"
    },
    "locationID": "P04.1",
    "slotCode": "P04",
    "floor": 1,
    "type": "S",
    "available": true,
    "itemID": null,
    "itemName": null,
    "quantity": 0,
    "lastUpdated": "2025-07-15T14:03:51.448324"
  },
  {
    "_id": {
      "$oid": "68765fc8133c608d77965fc2"
    },
    "locationID": "P04.2",
    "slotCode": "P04",
    "floor": 2,
    "type": "S",
    "available": true,
    "itemID": null,
    "itemName": null,
    "quantity": 0,
    "lastUpdated": "2025-07-15T14:03:51.448326"
  },
  {
    "_id": {
      "$oid": "68765fc8133c608d77965fc3"
    },
    "locationID": "P04.3",
    "slotCode": "P04",
    "floor": 3,
    "type": "S",
    "available": true,
    "itemID": null,
    "itemName": null,
    "quantity": 0,
    "lastUpdated": "2025-07-15T14:03:51.448328"
  },
  {
    "_id": {
      "$oid": "68765fc8133c608d77965fc4"
    },
    "locationID": "P04.4",
    "slotCode": "P04",
    "floor": 4,
    "type": "S",
    "available": true,
    "itemID": null,
    "itemName": null,
    "quantity": 0,
    "lastUpdated": "2025-07-15T14:03:51.448330"
  },
  {
    "_id": {
      "$oid": "68765fc8133c608d77965fc5"
    },
    "locationID": "P05.1",
    "slotCode": "P05",
    "floor": 1,
    "type": "S",
    "available": true,
    "itemID": null,
    "itemName": null,
    "quantity": 0,
    "lastUpdated": "2025-07-15T14:03:51.448333"
  },
  {
    "_id": {
      "$oid": "68765fc8133c608d77965fc6"
    },
    "locationID": "P05.2",
    "slotCode": "P05",
    "floor": 2,
    "type": "S",
    "available": true,
    "itemID": null,
    "itemName": null,
    "quantity": 0,
    "lastUpdated": "2025-07-15T14:03:51.448335"
  },
  {
    "_id": {
      "$oid": "68765fc8133c608d77965fc7"
    },
    "locationID": "P05.3",
    "slotCode": "P05",
    "floor": 3,
    "type": "S",
    "available": true,
    "itemID": null,
    "itemName": null,
    "quantity": 0,
    "lastUpdated": "2025-07-15T14:03:51.448338"
  },
  {
    "_id": {
      "$oid": "68765fc8133c608d77965fc8"
    },
    "locationID": "P05.4",
    "slotCode": "P05",
    "floor": 4,
    "type": "S",
    "available": true,
    "itemID": null,
    "itemName": null,
    "quantity": 0,
    "lastUpdated": "2025-07-15T14:03:51.448340"
  },
  {
    "_id": {
      "$oid": "68765fc8133c608d77965fc9"
    },
    "locationID": "P06.1",
    "slotCode": "P06",
    "floor": 1,
    "type": "S",
    "available": true,
    "itemID": null,
    "itemName": null,
    "quantity": 0,
    "lastUpdated": "2025-07-15T14:03:51.448343"
  },
  {
    "_id": {
      "$oid": "68765fc8133c608d77965fca"
    },
    "locationID": "P06.2",
    "slotCode": "P06",
    "floor": 2,
    "type": "S",
    "available": true,
    "itemID": null,
    "itemName": null,
    "quantity": 0,
    "lastUpdated": "2025-07-15T14:03:51.448345"
  },
  {
    "_id": {
      "$oid": "68765fc8133c608d77965fcb"
    },
    "locationID": "P06.3",
    "slotCode": "P06",
    "floor": 3,
    "type": "S",
    "available": true,
    "itemID": null,
    "itemName": null,
    "quantity": 0,
    "lastUpdated": "2025-07-15T14:03:51.448347"
  },
  {
    "_id": {
      "$oid": "68765fc8133c608d77965fcc"
    },
    "locationID": "P06.4",
    "slotCode": "P06",
    "floor": 4,
    "type": "S",
    "available": true,
    "itemID": null,
    "itemName": null,
    "quantity": 0,
    "lastUpdated": "2025-07-15T14:03:51.448349"
  },
  {
    "_id": {
      "$oid": "68765fc8133c608d77965fcd"
    },
    "locationID": "P07.1",
    "slotCode": "P07",
    "floor": 1,
    "type": "S",
    "available": true,
    "itemID": null,
    "itemName": null,
    "quantity": 0,
    "lastUpdated": "2025-07-15T14:03:51.448352"
  },
  {
    "_id": {
      "$oid": "68765fc8133c608d77965fce"
    },
    "locationID": "P07.2",
    "slotCode": "P07",
    "floor": 2,
    "type": "S",
    "available": true,
    "itemID": null,
    "itemName": null,
    "quantity": 0,
    "lastUpdated": "2025-07-15T14:03:51.448355"
  },
  {
    "_id": {
      "$oid": "68765fc8133c608d77965fcf"
    },
    "locationID": "P07.3",
    "slotCode": "P07",
    "floor": 3,
    "type": "S",
    "available": true,
    "itemID": null,
    "itemName": null,
    "quantity": 0,
    "lastUpdated": "2025-07-15T14:03:51.448357"
  },
  {
    "_id": {
      "$oid": "68765fc8133c608d77965fd0"
    },
    "locationID": "P07.4",
    "slotCode": "P07",
    "floor": 4,
    "type": "S",
    "available": true,
    "itemID": null,
    "itemName": null,
    "quantity": 0,
    "lastUpdated": "2025-07-15T14:03:51.448359"
  },
  {
    "_id": {
      "$oid": "68765fc8133c608d77965fd1"
    },
    "locationID": "P08.1",
    "slotCode": "P08",
    "floor": 1,
    "type": "S",
    "available": true,
    "itemID": null,
    "itemName": null,
    "quantity": 0,
    "lastUpdated": "2025-07-15T14:03:51.448362"
  },
  {
    "_id": {
      "$oid": "68765fc8133c608d77965fd2"
    },
    "locationID": "P08.2",
    "slotCode": "P08",
    "floor": 2,
    "type": "S",
    "available": true,
    "itemID": null,
    "itemName": null,
    "quantity": 0,
    "lastUpdated": "2025-07-15T14:03:51.448364"
  },
  {
    "_id": {
      "$oid": "68765fc8133c608d77965fd3"
    },
    "locationID": "P08.3",
    "slotCode": "P08",
    "floor": 3,
    "type": "S",
    "available": true,
    "itemID": null,
    "itemName": null,
    "quantity": 0,
    "lastUpdated": "2025-07-15T14:03:51.448366"
  },
  {
    "_id": {
      "$oid": "68765fc8133c608d77965fd4"
    },
    "locationID": "P08.4",
    "slotCode": "P08",
    "floor": 4,
    "type": "S",
    "available": true,
    "itemID": null,
    "itemName": null,
    "quantity": 0,
    "lastUpdated": "2025-07-15T14:03:51.448368"
  },
  {
    "_id": {
      "$oid": "68765fc8133c608d77965fd5"
    },
    "locationID": "P09.1",
    "slotCode": "P09",
    "floor": 1,
    "type": "S",
    "available": true,
    "itemID": null,
    "itemName": null,
    "quantity": 0,
    "lastUpdated": "2025-07-15T14:03:51.448371"
  },
  {
    "_id": {
      "$oid": "68765fc8133c608d77965fd6"
    },
    "locationID": "P09.2",
    "slotCode": "P09",
    "floor": 2,
    "type": "S",
    "available": true,
    "itemID": null,
    "itemName": null,
    "quantity": 0,
    "lastUpdated": "2025-07-15T14:03:51.448373"
  },
  {
    "_id": {
      "$oid": "68765fc8133c608d77965fd7"
    },
    "locationID": "P09.3",
    "slotCode": "P09",
    "floor": 3,
    "type": "S",
    "available": true,
    "itemID": null,
    "itemName": null,
    "quantity": 0,
    "lastUpdated": "2025-07-15T14:03:51.448375"
  },
  {
    "_id": {
      "$oid": "68765fc8133c608d77965fd8"
    },
    "locationID": "P09.4",
    "slotCode": "P09",
    "floor": 4,
    "type": "S",
    "available": true,
    "itemID": null,
    "itemName": null,
    "quantity": 0,
    "lastUpdated": "2025-07-15T14:03:51.448377"
  },
  {
    "_id": {
      "$oid": "68765fc8133c608d77965fd9"
    },
    "locationID": "P10.1",
    "slotCode": "P10",
    "floor": 1,
    "type": "S",
    "available": true,
    "itemID": null,
    "itemName": null,
    "quantity": 0,
    "lastUpdated": "2025-07-15T14:03:51.448380"
  },
  {
    "_id": {
      "$oid": "68765fc8133c608d77965fda"
    },
    "locationID": "P10.2",
    "slotCode": "P10",
    "floor": 2,
    "type": "S",
    "available": true,
    "itemID": null,
    "itemName": null,
    "quantity": 0,
    "lastUpdated": "2025-07-15T14:03:51.448382"
  },
  {
    "_id": {
      "$oid": "68765fc8133c608d77965fdb"
    },
    "locationID": "P10.3",
    "slotCode": "P10",
    "floor": 3,
    "type": "S",
    "available": true,
    "itemID": null,
    "itemName": null,
    "quantity": 0,
    "lastUpdated": "2025-07-15T14:03:51.448385"
  },
  {
    "_id": {
      "$oid": "68765fc8133c608d77965fdc"
    },
    "locationID": "P10.4",
    "slotCode": "P10",
    "floor": 4,
    "type": "S",
    "available": true,
    "itemID": null,
    "itemName": null,
    "quantity": 0,
    "lastUpdated": "2025-07-15T14:03:51.448387"
  },
  {
    "_id": {
      "$oid": "68765fc8133c608d77965fdd"
    },
    "locationID": "P11.1",
    "slotCode": "P11",
    "floor": 1,
    "type": "S",
    "available": true,
    "itemID": null,
    "itemName": null,
    "quantity": 0,
    "lastUpdated": "2025-07-15T14:03:51.448390"
  },
  {
    "_id": {
      "$oid": "68765fc8133c608d77965fde"
    },
    "locationID": "P11.2",
    "slotCode": "P11",
    "floor": 2,
    "type": "S",
    "available": true,
    "itemID": null,
    "itemName": null,
    "quantity": 0,
    "lastUpdated": "2025-07-15T14:03:51.448392"
  },
  {
    "_id": {
      "$oid": "68765fc8133c608d77965fdf"
    },
    "locationID": "P11.3",
    "slotCode": "P11",
    "floor": 3,
    "type": "S",
    "available": true,
    "itemID": null,
    "itemName": null,
    "quantity": 0,
    "lastUpdated": "2025-07-15T14:03:51.448394"
  },
  {
    "_id": {
      "$oid": "68765fc8133c608d77965fe0"
    },
    "locationID": "P11.4",
    "slotCode": "P11",
    "floor": 4,
    "type": "S",
    "available": true,
    "itemID": null,
    "itemName": null,
    "quantity": 0,
    "lastUpdated": "2025-07-15T14:03:51.448396"
  },
  {
    "_id": {
      "$oid": "68765fc8133c608d77965fe1"
    },
    "locationID": "P12.1",
    "slotCode": "P12",
    "floor": 1,
    "type": "S",
    "available": true,
    "itemID": null,
    "itemName": null,
    "quantity": 0,
    "lastUpdated": "2025-07-15T14:03:51.448399"
  },
  {
    "_id": {
      "$oid": "68765fc8133c608d77965fe2"
    },
    "locationID": "P12.2",
    "slotCode": "P12",
    "floor": 2,
    "type": "S",
    "available": true,
    "itemID": null,
    "itemName": null,
    "quantity": 0,
    "lastUpdated": "2025-07-15T14:03:51.448402"
  },
  {
    "_id": {
      "$oid": "68765fc8133c608d77965fe3"
    },
    "locationID": "P12.3",
    "slotCode": "P12",
    "floor": 3,
    "type": "S",
    "available": true,
    "itemID": null,
    "itemName": null,
    "quantity": 0,
    "lastUpdated": "2025-07-15T14:03:51.448404"
  },
  {
    "_id": {
      "$oid": "68765fc8133c608d77965fe4"
    },
    "locationID": "P12.4",
    "slotCode": "P12",
    "floor": 4,
    "type": "S",
    "available": true,
    "itemID": null,
    "itemName": null,
    "quantity": 0,
    "lastUpdated": "2025-07-15T14:03:51.448406"
  },
  {
    "_id": {
      "$oid": "68765fc8133c608d77965fe5"
    },
    "locationID": "P13.1",
    "slotCode": "P13",
    "floor": 1,
    "type": "S",
    "available": true,
    "itemID": null,
    "itemName": null,
    "quantity": 0,
    "lastUpdated": "2025-07-15T14:03:51.448409"
  },
  {
    "_id": {
      "$oid": "68765fc8133c608d77965fe6"
    },
    "locationID": "P13.2",
    "slotCode": "P13",
    "floor": 2,
    "type": "S",
    "available": true,
    "itemID": null,
    "itemName": null,
    "quantity": 0,
    "lastUpdated": "2025-07-15T14:03:51.448411"
  },
  {
    "_id": {
      "$oid": "68765fc8133c608d77965fe7"
    },
    "locationID": "P13.3",
    "slotCode": "P13",
    "floor": 3,
    "type": "S",
    "available": true,
    "itemID": null,
    "itemName": null,
    "quantity": 0,
    "lastUpdated": "2025-07-15T14:03:51.448413"
  },
  {
    "_id": {
      "$oid": "68765fc8133c608d77965fe8"
    },
    "locationID": "P13.4",
    "slotCode": "P13",
    "floor": 4,
    "type": "S",
    "available": true,
    "itemID": null,
    "itemName": null,
    "quantity": 0,
    "lastUpdated": "2025-07-15T14:03:51.448416"
  },
  {
    "_id": {
      "$oid": "68765fc8133c608d77965fe9"
    },
    "locationID": "P14.1",
    "slotCode": "P14",
    "floor": 1,
    "type": "S",
    "available": true,
    "itemID": null,
    "itemName": null,
    "quantity": 0,
    "lastUpdated": "2025-07-15T14:03:51.448418"
  },
  {
    "_id": {
      "$oid": "68765fc8133c608d77965fea"
    },
    "locationID": "P14.2",
    "slotCode": "P14",
    "floor": 2,
    "type": "S",
    "available": true,
    "itemID": null,
    "itemName": null,
    "quantity": 0,
    "lastUpdated": "2025-07-15T14:03:51.448420"
  },
  {
    "_id": {
      "$oid": "68765fc8133c608d77965feb"
    },
    "locationID": "P14.3",
    "slotCode": "P14",
    "floor": 3,
    "type": "S",
    "available": true,
    "itemID": null,
    "itemName": null,
    "quantity": 0,
    "lastUpdated": "2025-07-15T14:03:51.448423"
  },
  {
    "_id": {
      "$oid": "68765fc8133c608d77965fec"
    },
    "locationID": "P14.4",
    "slotCode": "P14",
    "floor": 4,
    "type": "S",
    "available": true,
    "itemID": null,
    "itemName": null,
    "quantity": 0,
    "lastUpdated": "2025-07-15T14:03:51.448425"
  },
  {
    "_id": {
      "$oid": "68765fc8133c608d77965fed"
    },
    "locationID": "D01.1",
    "slotCode": "D01",
    "floor": 1,
    "type": "D",
    "available": false,
    "itemID": 3,
    "itemName": "T-shirt Large",
    "quantity": 50,
    "lastUpdated": "2025-07-17T15:57:01.713751",
    "resetAt": "2025-07-16T14:41:21.982268",
    "resetBy": "system_reset",
    "receivingID": 15,
    "storedAt": "2025-07-17T15:57:01.713722",
    "storedBy": "picker"
  },
  {
    "_id": {
      "$oid": "68765fc8133c608d77965fee"
    },
    "locationID": "D01.2",
    "slotCode": "D01",
    "floor": 2,
    "type": "D",
    "available": true,
    "itemID": null,
    "itemName": null,
    "quantity": 0,
    "lastUpdated": "2025-07-15T14:03:51.448430"
  },
  {
    "_id": {
      "$oid": "68765fc8133c608d77965fef"
    },
    "locationID": "D01.3",
    "slotCode": "D01",
    "floor": 3,
    "type": "D",
    "available": true,
    "itemID": null,
    "itemName": null,
    "quantity": 0,
    "lastUpdated": "2025-07-15T14:03:51.448433"
  },
  {
    "_id": {
      "$oid": "68765fc8133c608d77965ff0"
    },
    "locationID": "D01.4",
    "slotCode": "D01",
    "floor": 4,
    "type": "D",
    "available": true,
    "itemID": null,
    "itemName": null,
    "quantity": 0,
    "lastUpdated": "2025-07-15T14:03:51.448436"
  },
  {
    "_id": {
      "$oid": "68765fc8133c608d77965ff1"
    },
    "locationID": "D02.1",
    "slotCode": "D02",
    "floor": 1,
    "type": "D",
    "available": true,
    "itemID": null,
    "itemName": null,
    "quantity": 0,
    "lastUpdated": "2025-07-15T14:03:51.448439"
  },
  {
    "_id": {
      "$oid": "68765fc8133c608d77965ff2"
    },
    "locationID": "D02.2",
    "slotCode": "D02",
    "floor": 2,
    "type": "D",
    "available": true,
    "itemID": null,
    "itemName": null,
    "quantity": 0,
    "lastUpdated": "2025-07-15T14:03:51.448441"
  },
  {
    "_id": {
      "$oid": "68765fc8133c608d77965ff3"
    },
    "locationID": "D02.3",
    "slotCode": "D02",
    "floor": 3,
    "type": "D",
    "available": true,
    "itemID": null,
    "itemName": null,
    "quantity": 0,
    "lastUpdated": "2025-07-15T14:03:51.448443"
  },
  {
    "_id": {
      "$oid": "68765fc8133c608d77965ff4"
    },
    "locationID": "D02.4",
    "slotCode": "D02",
    "floor": 4,
    "type": "D",
    "available": true,
    "itemID": null,
    "itemName": null,
    "quantity": 0,
    "lastUpdated": "2025-07-15T14:03:51.448446"
  },
  {
    "_id": {
      "$oid": "68765fc8133c608d77965ff5"
    },
    "locationID": "D03.1",
    "slotCode": "D03",
    "floor": 1,
    "type": "D",
    "available": true,
    "itemID": null,
    "itemName": null,
    "quantity": 0,
    "lastUpdated": "2025-07-15T14:03:51.448448"
  },
  {
    "_id": {
      "$oid": "68765fc8133c608d77965ff6"
    },
    "locationID": "D03.2",
    "slotCode": "D03",
    "floor": 2,
    "type": "D",
    "available": true,
    "itemID": null,
    "itemName": null,
    "quantity": 0,
    "lastUpdated": "2025-07-15T14:03:51.448452"
  },
  {
    "_id": {
      "$oid": "68765fc8133c608d77965ff7"
    },
    "locationID": "D03.3",
    "slotCode": "D03",
    "floor": 3,
    "type": "D",
    "available": true,
    "itemID": null,
    "itemName": null,
    "quantity": 0,
    "lastUpdated": "2025-07-15T14:03:51.448454"
  },
  {
    "_id": {
      "$oid": "68765fc8133c608d77965ff8"
    },
    "locationID": "D03.4",
    "slotCode": "D03",
    "floor": 4,
    "type": "D",
    "available": true,
    "itemID": null,
    "itemName": null,
    "quantity": 0,
    "lastUpdated": "2025-07-15T14:03:51.448456"
  },
  {
    "_id": {
      "$oid": "68765fc8133c608d77965ff9"
    },
    "locationID": "D04.1",
    "slotCode": "D04",
    "floor": 1,
    "type": "D",
    "available": true,
    "itemID": null,
    "itemName": null,
    "quantity": 0,
    "lastUpdated": "2025-07-15T14:03:51.448459"
  },
  {
    "_id": {
      "$oid": "68765fc8133c608d77965ffa"
    },
    "locationID": "D04.2",
    "slotCode": "D04",
    "floor": 2,
    "type": "D",
    "available": true,
    "itemID": null,
    "itemName": null,
    "quantity": 0,
    "lastUpdated": "2025-07-15T14:03:51.448461"
  },
  {
    "_id": {
      "$oid": "68765fc8133c608d77965ffb"
    },
    "locationID": "D04.3",
    "slotCode": "D04",
    "floor": 3,
    "type": "D",
    "available": true,
    "itemID": null,
    "itemName": null,
    "quantity": 0,
    "lastUpdated": "2025-07-15T14:03:51.448464"
  },
  {
    "_id": {
      "$oid": "68765fc8133c608d77965ffc"
    },
    "locationID": "D04.4",
    "slotCode": "D04",
    "floor": 4,
    "type": "D",
    "available": true,
    "itemID": null,
    "itemName": null,
    "quantity": 0,
    "lastUpdated": "2025-07-15T14:03:51.448466"
  },
  {
    "_id": {
      "$oid": "68765fc8133c608d77965ffd"
    },
    "locationID": "D05.1",
    "slotCode": "D05",
    "floor": 1,
    "type": "D",
    "available": true,
    "itemID": null,
    "itemName": null,
    "quantity": 0,
    "lastUpdated": "2025-07-15T14:03:51.448469"
  },
  {
    "_id": {
      "$oid": "68765fc8133c608d77965ffe"
    },
    "locationID": "D05.2",
    "slotCode": "D05",
    "floor": 2,
    "type": "D",
    "available": true,
    "itemID": null,
    "itemName": null,
    "quantity": 0,
    "lastUpdated": "2025-07-15T14:03:51.448471"
  },
  {
    "_id": {
      "$oid": "68765fc8133c608d77965fff"
    },
    "locationID": "D05.3",
    "slotCode": "D05",
    "floor": 3,
    "type": "D",
    "available": true,
    "itemID": null,
    "itemName": null,
    "quantity": 0,
    "lastUpdated": "2025-07-15T14:03:51.448474"
  },
  {
    "_id": {
      "$oid": "68765fc8133c608d77966000"
    },
    "locationID": "D05.4",
    "slotCode": "D05",
    "floor": 4,
    "type": "D",
    "available": true,
    "itemID": null,
    "itemName": null,
    "quantity": 0,
    "lastUpdated": "2025-07-15T14:03:51.448476"
  },
  {
    "_id": {
      "$oid": "68765fc8133c608d77966001"
    },
    "locationID": "D06.1",
    "slotCode": "D06",
    "floor": 1,
    "type": "D",
    "available": true,
    "itemID": null,
    "itemName": null,
    "quantity": 0,
    "lastUpdated": "2025-07-15T14:03:51.448479"
  },
  {
    "_id": {
      "$oid": "68765fc8133c608d77966002"
    },
    "locationID": "D06.2",
    "slotCode": "D06",
    "floor": 2,
    "type": "D",
    "available": true,
    "itemID": null,
    "itemName": null,
    "quantity": 0,
    "lastUpdated": "2025-07-15T14:03:51.448481"
  },
  {
    "_id": {
      "$oid": "68765fc8133c608d77966003"
    },
    "locationID": "D06.3",
    "slotCode": "D06",
    "floor": 3,
    "type": "D",
    "available": true,
    "itemID": null,
    "itemName": null,
    "quantity": 0,
    "lastUpdated": "2025-07-15T14:03:51.448483"
  },
  {
    "_id": {
      "$oid": "68765fc8133c608d77966004"
    },
    "locationID": "D06.4",
    "slotCode": "D06",
    "floor": 4,
    "type": "D",
    "available": true,
    "itemID": null,
    "itemName": null,
    "quantity": 0,
    "lastUpdated": "2025-07-15T14:03:51.448486"
  },
  {
    "_id": {
      "$oid": "68765fc8133c608d77966005"
    },
    "locationID": "D07.1",
    "slotCode": "D07",
    "floor": 1,
    "type": "D",
    "available": true,
    "itemID": null,
    "itemName": null,
    "quantity": 0,
    "lastUpdated": "2025-07-15T14:03:51.448488"
  },
  {
    "_id": {
      "$oid": "68765fc8133c608d77966006"
    },
    "locationID": "D07.2",
    "slotCode": "D07",
    "floor": 2,
    "type": "D",
    "available": true,
    "itemID": null,
    "itemName": null,
    "quantity": 0,
    "lastUpdated": "2025-07-15T14:03:51.448491"
  },
  {
    "_id": {
      "$oid": "68765fc8133c608d77966007"
    },
    "locationID": "D07.3",
    "slotCode": "D07",
    "floor": 3,
    "type": "D",
    "available": true,
    "itemID": null,
    "itemName": null,
    "quantity": 0,
    "lastUpdated": "2025-07-15T14:03:51.448493"
  },
  {
    "_id": {
      "$oid": "68765fc8133c608d77966008"
    },
    "locationID": "D07.4",
    "slotCode": "D07",
    "floor": 4,
    "type": "D",
    "available": true,
    "itemID": null,
    "itemName": null,
    "quantity": 0,
    "lastUpdated": "2025-07-15T14:03:51.448496"
  },
  {
    "_id": {
      "$oid": "68765fc8133c608d77966009"
    },
    "locationID": "D08.1",
    "slotCode": "D08",
    "floor": 1,
    "type": "D",
    "available": true,
    "itemID": null,
    "itemName": null,
    "quantity": 0,
    "lastUpdated": "2025-07-15T14:03:51.448498"
  },
  {
    "_id": {
      "$oid": "68765fc8133c608d7796600a"
    },
    "locationID": "D08.2",
    "slotCode": "D08",
    "floor": 2,
    "type": "D",
    "available": true,
    "itemID": null,
    "itemName": null,
    "quantity": 0,
    "lastUpdated": "2025-07-15T14:03:51.448501"
  },
  {
    "_id": {
      "$oid": "68765fc8133c608d7796600b"
    },
    "locationID": "D08.3",
    "slotCode": "D08",
    "floor": 3,
    "type": "D",
    "available": true,
    "itemID": null,
    "itemName": null,
    "quantity": 0,
    "lastUpdated": "2025-07-15T14:03:51.448503"
  },
  {
    "_id": {
      "$oid": "68765fc8133c608d7796600c"
    },
    "locationID": "D08.4",
    "slotCode": "D08",
    "floor": 4,
    "type": "D",
    "available": true,
    "itemID": null,
    "itemName": null,
    "quantity": 0,
    "lastUpdated": "2025-07-15T14:03:51.448505"
  },
  {
    "_id": {
      "$oid": "68765fc8133c608d7796600d"
    },
    "locationID": "D09.1",
    "slotCode": "D09",
    "floor": 1,
    "type": "D",
    "available": true,
    "itemID": null,
    "itemName": null,
    "quantity": 0,
    "lastUpdated": "2025-07-15T14:03:51.448508"
  },
  {
    "_id": {
      "$oid": "68765fc8133c608d7796600e"
    },
    "locationID": "D09.2",
    "slotCode": "D09",
    "floor": 2,
    "type": "D",
    "available": true,
    "itemID": null,
    "itemName": null,
    "quantity": 0,
    "lastUpdated": "2025-07-15T14:03:51.448511"
  },
  {
    "_id": {
      "$oid": "68765fc8133c608d7796600f"
    },
    "locationID": "D09.3",
    "slotCode": "D09",
    "floor": 3,
    "type": "D",
    "available": true,
    "itemID": null,
    "itemName": null,
    "quantity": 0,
    "lastUpdated": "2025-07-15T14:03:51.448513"
  },
  {
    "_id": {
      "$oid": "68765fc8133c608d77966010"
    },
    "locationID": "D09.4",
    "slotCode": "D09",
    "floor": 4,
    "type": "D",
    "available": true,
    "itemID": null,
    "itemName": null,
    "quantity": 0,
    "lastUpdated": "2025-07-15T14:03:51.448516"
  },
  {
    "_id": {
      "$oid": "68765fc8133c608d77966011"
    },
    "locationID": "D10.1",
    "slotCode": "D10",
    "floor": 1,
    "type": "D",
    "available": true,
    "itemID": null,
    "itemName": null,
    "quantity": 0,
    "lastUpdated": "2025-07-15T14:03:51.448518"
  },
  {
    "_id": {
      "$oid": "68765fc8133c608d77966012"
    },
    "locationID": "D10.2",
    "slotCode": "D10",
    "floor": 2,
    "type": "D",
    "available": true,
    "itemID": null,
    "itemName": null,
    "quantity": 0,
    "lastUpdated": "2025-07-15T14:03:51.448521"
  },
  {
    "_id": {
      "$oid": "68765fc8133c608d77966013"
    },
    "locationID": "D10.3",
    "slotCode": "D10",
    "floor": 3,
    "type": "D",
    "available": true,
    "itemID": null,
    "itemName": null,
    "quantity": 0,
    "lastUpdated": "2025-07-15T14:03:51.448523"
  },
  {
    "_id": {
      "$oid": "68765fc8133c608d77966014"
    },
    "locationID": "D10.4",
    "slotCode": "D10",
    "floor": 4,
    "type": "D",
    "available": true,
    "itemID": null,
    "itemName": null,
    "quantity": 0,
    "lastUpdated": "2025-07-15T14:03:51.448525"
  },
  {
    "_id": {
      "$oid": "68765fc8133c608d77966015"
    },
    "locationID": "D11.1",
    "slotCode": "D11",
    "floor": 1,
    "type": "D",
    "available": true,
    "itemID": null,
    "itemName": null,
    "quantity": 0,
    "lastUpdated": "2025-07-15T14:03:51.448528"
  },
  {
    "_id": {
      "$oid": "68765fc8133c608d77966016"
    },
    "locationID": "D11.2",
    "slotCode": "D11",
    "floor": 2,
    "type": "D",
    "available": true,
    "itemID": null,
    "itemName": null,
    "quantity": 0,
    "lastUpdated": "2025-07-15T14:03:51.448530"
  },
  {
    "_id": {
      "$oid": "68765fc8133c608d77966017"
    },
    "locationID": "D11.3",
    "slotCode": "D11",
    "floor": 3,
    "type": "D",
    "available": true,
    "itemID": null,
    "itemName": null,
    "quantity": 0,
    "lastUpdated": "2025-07-15T14:03:51.448532"
  },
  {
    "_id": {
      "$oid": "68765fc8133c608d77966018"
    },
    "locationID": "D11.4",
    "slotCode": "D11",
    "floor": 4,
    "type": "D",
    "available": true,
    "itemID": null,
    "itemName": null,
    "quantity": 0,
    "lastUpdated": "2025-07-15T14:03:51.448535"
  },
  {
    "_id": {
      "$oid": "68765fc8133c608d77966019"
    },
    "locationID": "D12.1",
    "slotCode": "D12",
    "floor": 1,
    "type": "D",
    "available": true,
    "itemID": null,
    "itemName": null,
    "quantity": 0,
    "lastUpdated": "2025-07-15T14:03:51.448538"
  },
  {
    "_id": {
      "$oid": "68765fc8133c608d7796601a"
    },
    "locationID": "D12.2",
    "slotCode": "D12",
    "floor": 2,
    "type": "D",
    "available": true,
    "itemID": null,
    "itemName": null,
    "quantity": 0,
    "lastUpdated": "2025-07-15T14:03:51.448540"
  },
  {
    "_id": {
      "$oid": "68765fc8133c608d7796601b"
    },
    "locationID": "D12.3",
    "slotCode": "D12",
    "floor": 3,
    "type": "D",
    "available": true,
    "itemID": null,
    "itemName": null,
    "quantity": 0,
    "lastUpdated": "2025-07-15T14:03:51.448542"
  },
  {
    "_id": {
      "$oid": "68765fc8133c608d7796601c"
    },
    "locationID": "D12.4",
    "slotCode": "D12",
    "floor": 4,
    "type": "D",
    "available": true,
    "itemID": null,
    "itemName": null,
    "quantity": 0,
    "lastUpdated": "2025-07-15T14:03:51.448545"
  },
  {
    "_id": {
      "$oid": "68765fc8133c608d7796601d"
    },
    "locationID": "D13.1",
    "slotCode": "D13",
    "floor": 1,
    "type": "D",
    "available": true,
    "itemID": null,
    "itemName": null,
    "quantity": 0,
    "lastUpdated": "2025-07-15T14:03:51.448547"
  },
  {
    "_id": {
      "$oid": "68765fc8133c608d7796601e"
    },
    "locationID": "D13.2",
    "slotCode": "D13",
    "floor": 2,
    "type": "D",
    "available": true,
    "itemID": null,
    "itemName": null,
    "quantity": 0,
    "lastUpdated": "2025-07-15T14:03:51.448550"
  },
  {
    "_id": {
      "$oid": "68765fc8133c608d7796601f"
    },
    "locationID": "D13.3",
    "slotCode": "D13",
    "floor": 3,
    "type": "D",
    "available": true,
    "itemID": null,
    "itemName": null,
    "quantity": 0,
    "lastUpdated": "2025-07-15T14:03:51.448552"
  },
  {
    "_id": {
      "$oid": "68765fc8133c608d77966020"
    },
    "locationID": "D13.4",
    "slotCode": "D13",
    "floor": 4,
    "type": "D",
    "available": true,
    "itemID": null,
    "itemName": null,
    "quantity": 0,
    "lastUpdated": "2025-07-15T14:03:51.448554"
  },
  {
    "_id": {
      "$oid": "68765fc8133c608d77966021"
    },
    "locationID": "D14.1",
    "slotCode": "D14",
    "floor": 1,
    "type": "D",
    "available": true,
    "itemID": null,
    "itemName": null,
    "quantity": 0,
    "lastUpdated": "2025-07-15T14:03:51.448556"
  },
  {
    "_id": {
      "$oid": "68765fc8133c608d77966022"
    },
    "locationID": "D14.2",
    "slotCode": "D14",
    "floor": 2,
    "type": "D",
    "available": true,
    "itemID": null,
    "itemName": null,
    "quantity": 0,
    "lastUpdated": "2025-07-15T14:03:51.448559"
  },
  {
    "_id": {
      "$oid": "68765fc8133c608d77966023"
    },
    "locationID": "D14.3",
    "slotCode": "D14",
    "floor": 3,
    "type": "D",
    "available": true,
    "itemID": null,
    "itemName": null,
    "quantity": 0,
    "lastUpdated": "2025-07-15T14:03:51.448561"
  },
  {
    "_id": {
      "$oid": "68765fc8133c608d77966024"
    },
    "locationID": "D14.4",
    "slotCode": "D14",
    "floor": 4,
    "type": "D",
    "available": true,
    "itemID": null,
    "itemName": null,
    "quantity": 0,
    "lastUpdated": "2025-07-15T14:03:51.448563"
  }
]