[
  {
    "_id": {
      "$oid": "686e2930161aabff0be23f9c"
    },
    "location_id": "B15.1",
    "category": "bin",
    "x": 5,
    "y": 2,
    "zone": "normal",
    "environment_type": "cold",
    "currently_occupied": true,
    "accessible": true,
    "distance_to_packing": 14
  },
  {
    "_id": {
      "$oid": "686e2930161aabff0be23fa3"
    },
    "location_id": "P01.4",
    "category": "pallet",
    "x": 7,
    "y": 2,
    "zone": "cold",
    "environment_type": "cold",
    "currently_occupied": true,
    "accessible": true,
    "distance_to_packing": 16
  },
  {
    "_id": {
      "$oid": "686e2930161aabff0be23fa9"
    },
    "location_id": "B02.2",
    "category": "bin",
    "x": 1,
    "y": 3,
    "zone": "normal",
    "environment_type": "normal",
    "currently_occupied": false,
    "accessible": false,
    "distance_to_packing": 9
  },
  {
    "_id": {
      "$oid": "686e2930161aabff0be23fba"
    },
    "location_id": "P09.3",
    "category": "pallet",
    "x": 9,
    "y": 3,
    "zone": "fast_pick",
    "environment_type": "humid",
    "currently_occupied": true,
    "accessible": true,
    "distance_to_packing": 17
  },
  {
    "_id": {
      "$oid": "686e2930161aabff0be23fcb"
    },
    "location_id": "P03.4",
    "category": "pallet",
    "x": 7,
    "y": 4,
    "zone": "cold",
    "environment_type": "normal",
    "currently_occupied": true,
    "accessible": true,
    "distance_to_packing": 14
  },
  {
    "_id": {
      "$oid": "686e2930161aabff0be23fcc"
    },
    "location_id": "P10.1",
    "category": "pallet",
    "x": 9,
    "y": 4,
    "zone": "heavy_zone",
    "environment_type": "humid",
    "currently_occupied": true,
    "accessible": true,
    "distance_to_packing": 16
  },
  {
    "_id": {
      "$oid": "686e2930161aabff0be23fd2"
    },
    "location_id": "B04.3",
    "category": "bin",
    "x": 1,
    "y": 5,
    "zone": "normal",
    "environment_type": "cold",
    "currently_occupied": false,
    "accessible": true,
    "distance_to_packing": 7
  },
  {
    "_id": {
      "$oid": "686e2930161aabff0be23fd3"
    },
    "location_id": "B04.4",
    "category": "bin",
    "x": 1,
    "y": 5,
    "zone": "normal",
    "environment_type": "cold",
    "currently_occupied": true,
    "accessible": true,
    "distance_to_packing": 7
  },
  {
    "_id": {
      "$oid": "686e2930161aabff0be23fdf"
    },
    "location_id": "P04.4",
    "category": "pallet",
    "x": 7,
    "y": 5,
    "zone": "fast_pick",
    "environment_type": "cold",
    "currently_occupied": false,
    "accessible": false,
    "distance_to_packing": 13
  },
  {
    "_id": {
      "$oid": "686e2930161aabff0be23ff2"
    },
    "location_id": "P05.3",
    "category": "pallet",
    "x": 7,
    "y": 6,
    "zone": "heavy_zone",
    "environment_type": "cold",
    "currently_occupied": true,
    "accessible": false,
    "distance_to_packing": 12
  },
  {
    "_id": {
      "$oid": "686e2930161aabff0be24000"
    },
    "location_id": "B20.1",
    "category": "bin",
    "x": 5,
    "y": 7,
    "zone": "heavy_zone",
    "environment_type": "humid",
    "currently_occupied": true,
    "accessible": true,
    "distance_to_packing": 9
  },
  {
    "_id": {
      "$oid": "686e2930161aabff0be24010"
    },
    "location_id": "B14.1",
    "category": "bin",
    "x": 3,
    "y": 8,
    "zone": "heavy_zone",
    "environment_type": "normal",
    "currently_occupied": true,
    "accessible": true,
    "distance_to_packing": 6
  },
  {
    "_id": {
      "$oid": "686e2930161aabff0be2401f"
    },
    "location_id": "P14.4",
    "category": "pallet",
    "x": 9,
    "y": 8,
    "zone": "cold",
    "environment_type": "cold",
    "currently_occupied": false,
    "accessible": true,
    "distance_to_packing": 12
  },
  {
    "_id": {
      "$oid": "686e2930161aabff0be24036"
    },
    "location_id": "D06.3",
    "category": "bulk",
    "x": 8,
    "y": 10,
    "zone": "heavy_zone",
    "environment_type": "humid",
    "currently_occupied": true,
    "accessible": true,
    "distance_to_packing": 9
  },
  {
    "_id": {
      "$oid": "686e2930161aabff0be24041"
    },
    "location_id": "D09.2",
    "category": "bulk",
    "x": 4,
    "y": 11,
    "zone": "heavy_zone",
    "environment_type": "humid",
    "currently_occupied": false,
    "accessible": false,
    "distance_to_packing": 4
  },
  {
    "_id": {
      "$oid": "686e2930161aabff0be24047"
    },
    "location_id": "D10.4",
    "category": "bulk",
    "x": 5,
    "y": 11,
    "zone": "heavy_zone",
    "environment_type": "cold",
    "currently_occupied": true,
    "accessible": true,
    "distance_to_packing": 5
  },
  {
    "_id": {
      "$oid": "686e2930161aabff0be23fa5"
    },
    "location_id": "P08.2",
    "category": "pallet",
    "x": 9,
    "y": 2,
    "zone": "fast_pick",
    "environment_type": "humid",
    "currently_occupied": false,
    "accessible": false,
    "distance_to_packing": 18
  },
  {
    "_id": {
      "$oid": "686e2930161aabff0be23fb0"
    },
    "location_id": "B16.1",
    "category": "bin",
    "x": 5,
    "y": 3,
    "zone": "normal",
    "environment_type": "humid",
    "currently_occupied": true,
    "accessible": true,
    "distance_to_packing": 13
  },
  {
    "_id": {
      "$oid": "686e2930161aabff0be23fdb"
    },
    "location_id": "B18.4",
    "category": "bin",
    "x": 5,
    "y": 5,
    "zone": "cold",
    "environment_type": "cold",
    "currently_occupied": true,
    "accessible": false,
    "distance_to_packing": 11
  },
  {
    "_id": {
      "$oid": "686e2930161aabff0be23fe5"
    },
    "location_id": "B05.2",
    "category": "bin",
    "x": 1,
    "y": 6,
    "zone": "cold",
    "environment_type": "normal",
    "currently_occupied": false,
    "accessible": true,
    "distance_to_packing": 6
  },
  {
    "_id": {
      "$oid": "686e2930161aabff0be23fef"
    },
    "location_id": "B19.4",
    "category": "bin",
    "x": 5,
    "y": 6,
    "zone": "cold",
    "environment_type": "cold",
    "currently_occupied": true,
    "accessible": false,
    "distance_to_packing": 10
  },
  {
    "_id": {
      "$oid": "686e2930161aabff0be23ffe"
    },
    "location_id": "B13.3",
    "category": "bin",
    "x": 3,
    "y": 7,
    "zone": "fast_pick",
    "environment_type": "cold",
    "currently_occupied": true,
    "accessible": true,
    "distance_to_packing": 7
  },
  {
    "_id": {
      "$oid": "686e2930161aabff0be24004"
    },
    "location_id": "P06.1",
    "category": "pallet",
    "x": 7,
    "y": 7,
    "zone": "fast_pick",
    "environment_type": "normal",
    "currently_occupied": false,
    "accessible": true,
    "distance_to_packing": 11
  },
  {
    "_id": {
      "$oid": "686e2930161aabff0be24009"
    },
    "location_id": "P13.2",
    "category": "pallet",
    "x": 9,
    "y": 7,
    "zone": "cold",
    "environment_type": "humid",
    "currently_occupied": false,
    "accessible": false,
    "distance_to_packing": 13
  },
  {
    "_id": {
      "$oid": "686e2930161aabff0be2400c"
    },
    "location_id": "B07.1",
    "category": "bin",
    "x": 1,
    "y": 8,
    "zone": "heavy_zone",
    "environment_type": "humid",
    "currently_occupied": true,
    "accessible": true,
    "distance_to_packing": 4
  },
  {
    "_id": {
      "$oid": "686e2930161aabff0be2401c"
    },
    "location_id": "P14.1",
    "category": "pallet",
    "x": 9,
    "y": 8,
    "zone": "cold",
    "environment_type": "cold",
    "currently_occupied": true,
    "accessible": true,
    "distance_to_packing": 12
  },
  {
    "_id": {
      "$oid": "686e2930161aabff0be2404d"
    },
    "location_id": "D12.2",
    "category": "bulk",
    "x": 7,
    "y": 11,
    "zone": "cold",
    "environment_type": "cold",
    "currently_occupied": true,
    "accessible": false,
    "distance_to_packing": 7
  },
  {
    "_id": {
      "$oid": "686e2930161aabff0be23f99"
    },
    "location_id": "B08.2",
    "category": "bin",
    "x": 3,
    "y": 2,
    "zone": "heavy_zone",
    "environment_type": "normal",
    "currently_occupied": true,
    "accessible": true,
    "distance_to_packing": 12
  },
  {
    "_id": {
      "$oid": "686e2930161aabff0be23f9f"
    },
    "location_id": "B15.4",
    "category": "bin",
    "x": 5,
    "y": 2,
    "zone": "normal",
    "environment_type": "cold",
    "currently_occupied": false,
    "accessible": true,
    "distance_to_packing": 14
  },
  {
    "_id": {
      "$oid": "686e2930161aabff0be23fa1"
    },
    "location_id": "P01.2",
    "category": "pallet",
    "x": 7,
    "y": 2,
    "zone": "cold",
    "environment_type": "cold",
    "currently_occupied": true,
    "accessible": false,
    "distance_to_packing": 16
  },
  {
    "_id": {
      "$oid": "686e2930161aabff0be23fb4"
    },
    "location_id": "P02.1",
    "category": "pallet",
    "x": 7,
    "y": 3,
    "zone": "cold",
    "environment_type": "humid",
    "currently_occupied": true,
    "accessible": false,
    "distance_to_packing": 15
  },
  {
    "_id": {
      "$oid": "686e2930161aabff0be23fb7"
    },
    "location_id": "P02.4",
    "category": "pallet",
    "x": 7,
    "y": 3,
    "zone": "cold",
    "environment_type": "humid",
    "currently_occupied": false,
    "accessible": false,
    "distance_to_packing": 15
  },
  {
    "_id": {
      "$oid": "686e2930161aabff0be23fcf"
    },
    "location_id": "P10.4",
    "category": "pallet",
    "x": 9,
    "y": 4,
    "zone": "heavy_zone",
    "environment_type": "humid",
    "currently_occupied": false,
    "accessible": true,
    "distance_to_packing": 16
  },
  {
    "_id": {
      "$oid": "686e2930161aabff0be23fe3"
    },
    "location_id": "P11.4",
    "category": "pallet",
    "x": 9,
    "y": 5,
    "zone": "fast_pick",
    "environment_type": "normal",
    "currently_occupied": false,
    "accessible": false,
    "distance_to_packing": 15
  },
  {
    "_id": {
      "$oid": "686e2930161aabff0be23ff6"
    },
    "location_id": "P12.3",
    "category": "pallet",
    "x": 9,
    "y": 6,
    "zone": "heavy_zone",
    "environment_type": "normal",
    "currently_occupied": false,
    "accessible": true,
    "distance_to_packing": 14
  },
  {
    "_id": {
      "$oid": "686e2930161aabff0be24005"
    },
    "location_id": "P06.2",
    "category": "pallet",
    "x": 7,
    "y": 7,
    "zone": "fast_pick",
    "environment_type": "normal",
    "currently_occupied": true,
    "accessible": false,
    "distance_to_packing": 11
  },
  {
    "_id": {
      "$oid": "686e2930161aabff0be2400a"
    },
    "location_id": "P13.3",
    "category": "pallet",
    "x": 9,
    "y": 7,
    "zone": "cold",
    "environment_type": "humid",
    "currently_occupied": true,
    "accessible": false,
    "distance_to_packing": 13
  },
  {
    "_id": {
      "$oid": "686e2930161aabff0be24015"
    },
    "location_id": "B21.2",
    "category": "bin",
    "x": 5,
    "y": 8,
    "zone": "fast_pick",
    "environment_type": "humid",
    "currently_occupied": false,
    "accessible": false,
    "distance_to_packing": 8
  },
  {
    "_id": {
      "$oid": "686e2930161aabff0be24021"
    },
    "location_id": "D01.2",
    "category": "bulk",
    "x": 3,
    "y": 10,
    "zone": "normal",
    "environment_type": "humid",
    "currently_occupied": true,
    "accessible": true,
    "distance_to_packing": 4
  },
  {
    "_id": {
      "$oid": "686e2930161aabff0be24024"
    },
    "location_id": "D02.1",
    "category": "bulk",
    "x": 4,
    "y": 10,
    "zone": "normal",
    "environment_type": "normal",
    "currently_occupied": true,
    "accessible": false,
    "distance_to_packing": 5
  },
  {
    "_id": {
      "$oid": "686e2930161aabff0be24031"
    },
    "location_id": "D05.2",
    "category": "bulk",
    "x": 7,
    "y": 10,
    "zone": "cold",
    "environment_type": "normal",
    "currently_occupied": true,
    "accessible": true,
    "distance_to_packing": 8
  },
  {
    "_id": {
      "$oid": "686e2930161aabff0be24042"
    },
    "location_id": "D09.3",
    "category": "bulk",
    "x": 4,
    "y": 11,
    "zone": "heavy_zone",
    "environment_type": "humid",
    "currently_occupied": true,
    "accessible": false,
    "distance_to_packing": 4
  },
  {
    "_id": {
      "$oid": "686e2930161aabff0be24054"
    },
    "location_id": "D14.1",
    "category": "bulk",
    "x": 9,
    "y": 11,
    "zone": "cold",
    "environment_type": "humid",
    "currently_occupied": true,
    "accessible": false,
    "distance_to_packing": 9
  },
  {
    "_id": {
      "$oid": "686e2930161aabff0be23faa"
    },
    "location_id": "B02.3",
    "category": "bin",
    "x": 1,
    "y": 3,
    "zone": "normal",
    "environment_type": "normal",
    "currently_occupied": true,
    "accessible": false,
    "distance_to_packing": 9
  },
  {
    "_id": {
      "$oid": "686e2930161aabff0be23fbd"
    },
    "location_id": "B03.2",
    "category": "bin",
    "x": 1,
    "y": 4,
    "zone": "fast_pick",
    "environment_type": "normal",
    "currently_occupied": true,
    "accessible": true,
    "distance_to_packing": 8
  },
  {
    "_id": {
      "$oid": "686e2930161aabff0be23fc7"
    },
    "location_id": "B17.4",
    "category": "bin",
    "x": 5,
    "y": 4,
    "zone": "heavy_zone",
    "environment_type": "humid",
    "currently_occupied": true,
    "accessible": false,
    "distance_to_packing": 12
  },
  {
    "_id": {
      "$oid": "686e2930161aabff0be23fd1"
    },
    "location_id": "B04.2",
    "category": "bin",
    "x": 1,
    "y": 5,
    "zone": "normal",
    "environment_type": "cold",
    "currently_occupied": true,
    "accessible": false,
    "distance_to_packing": 7
  },
  {
    "_id": {
      "$oid": "686e2930161aabff0be23ff3"
    },
    "location_id": "P05.4",
    "category": "pallet",
    "x": 7,
    "y": 6,
    "zone": "heavy_zone",
    "environment_type": "cold",
    "currently_occupied": false,
    "accessible": true,
    "distance_to_packing": 12
  },
  {
    "_id": {
      "$oid": "686e2930161aabff0be23ff5"
    },
    "location_id": "P12.2",
    "category": "pallet",
    "x": 9,
    "y": 6,
    "zone": "heavy_zone",
    "environment_type": "normal",
    "currently_occupied": true,
    "accessible": false,
    "distance_to_packing": 14
  },
  {
    "_id": {
      "$oid": "686e2930161aabff0be23ff9"
    },
    "location_id": "B06.2",
    "category": "bin",
    "x": 1,
    "y": 7,
    "zone": "fast_pick",
    "environment_type": "cold",
    "currently_occupied": false,
    "accessible": true,
    "distance_to_packing": 5
  },
  {
    "_id": {
      "$oid": "686e2930161aabff0be23fff"
    },
    "location_id": "B13.4",
    "category": "bin",
    "x": 3,
    "y": 7,
    "zone": "fast_pick",
    "environment_type": "cold",
    "currently_occupied": false,
    "accessible": false,
    "distance_to_packing": 7
  },
  {
    "_id": {
      "$oid": "686e2930161aabff0be2400e"
    },
    "location_id": "B07.3",
    "category": "bin",
    "x": 1,
    "y": 8,
    "zone": "heavy_zone",
    "environment_type": "humid",
    "currently_occupied": true,
    "accessible": false,
    "distance_to_packing": 4
  },
  {
    "_id": {
      "$oid": "686e2930161aabff0be24029"
    },
    "location_id": "D03.2",
    "category": "bulk",
    "x": 5,
    "y": 10,
    "zone": "cold",
    "environment_type": "humid",
    "currently_occupied": false,
    "accessible": false,
    "distance_to_packing": 6
  },
  {
    "_id": {
      "$oid": "686e2930161aabff0be24038"
    },
    "location_id": "D07.1",
    "category": "bulk",
    "x": 9,
    "y": 10,
    "zone": "fast_pick",
    "environment_type": "cold",
    "currently_occupied": true,
    "accessible": false,
    "distance_to_packing": 10
  },
  {
    "_id": {
      "$oid": "686e2930161aabff0be23f95"
    },
    "location_id": "B01.2",
    "category": "bin",
    "x": 1,
    "y": 2,
    "zone": "fast_pick",
    "environment_type": "humid",
    "currently_occupied": false,
    "accessible": true,
    "distance_to_packing": 10
  },
  {
    "_id": {
      "$oid": "686e2930161aabff0be23f9a"
    },
    "location_id": "B08.3",
    "category": "bin",
    "x": 3,
    "y": 2,
    "zone": "heavy_zone",
    "environment_type": "normal",
    "currently_occupied": false,
    "accessible": true,
    "distance_to_packing": 12
  },
  {
    "_id": {
      "$oid": "686e2930161aabff0be23f9e"
    },
    "location_id": "B15.3",
    "category": "bin",
    "x": 5,
    "y": 2,
    "zone": "normal",
    "environment_type": "cold",
    "currently_occupied": true,
    "accessible": false,
    "distance_to_packing": 14
  },
  {
    "_id": {
      "$oid": "686e2930161aabff0be23fb8"
    },
    "location_id": "P09.1",
    "category": "pallet",
    "x": 9,
    "y": 3,
    "zone": "fast_pick",
    "environment_type": "humid",
    "currently_occupied": true,
    "accessible": false,
    "distance_to_packing": 17
  },
  {
    "_id": {
      "$oid": "686e2930161aabff0be23fc3"
    },
    "location_id": "B10.4",
    "category": "bin",
    "x": 3,
    "y": 4,
    "zone": "heavy_zone",
    "environment_type": "normal",
    "currently_occupied": true,
    "accessible": true,
    "distance_to_packing": 10
  },
  {
    "_id": {
      "$oid": "686e2930161aabff0be23fc9"
    },
    "location_id": "P03.2",
    "category": "pallet",
    "x": 7,
    "y": 4,
    "zone": "cold",
    "environment_type": "normal",
    "currently_occupied": true,
    "accessible": false,
    "distance_to_packing": 14
  },
  {
    "_id": {
      "$oid": "686e2930161aabff0be23fca"
    },
    "location_id": "P03.3",
    "category": "pallet",
    "x": 7,
    "y": 4,
    "zone": "cold",
    "environment_type": "normal",
    "currently_occupied": false,
    "accessible": true,
    "distance_to_packing": 14
  },
  {
    "_id": {
      "$oid": "686e2930161aabff0be23fee"
    },
    "location_id": "B19.3",
    "category": "bin",
    "x": 5,
    "y": 6,
    "zone": "cold",
    "environment_type": "cold",
    "currently_occupied": false,
    "accessible": true,
    "distance_to_packing": 10
  },
  {
    "_id": {
      "$oid": "686e2930161aabff0be24006"
    },
    "location_id": "P06.3",
    "category": "pallet",
    "x": 7,
    "y": 7,
    "zone": "fast_pick",
    "environment_type": "normal",
    "currently_occupied": false,
    "accessible": true,
    "distance_to_packing": 11
  },
  {
    "_id": {
      "$oid": "686e2930161aabff0be2400b"
    },
    "location_id": "P13.4",
    "category": "pallet",
    "x": 9,
    "y": 7,
    "zone": "cold",
    "environment_type": "humid",
    "currently_occupied": false,
    "accessible": true,
    "distance_to_packing": 13
  },
  {
    "_id": {
      "$oid": "686e2930161aabff0be24033"
    },
    "location_id": "D05.4",
    "category": "bulk",
    "x": 7,
    "y": 10,
    "zone": "cold",
    "environment_type": "normal",
    "currently_occupied": true,
    "accessible": false,
    "distance_to_packing": 8
  },
  {
    "_id": {
      "$oid": "686e2930161aabff0be2403b"
    },
    "location_id": "D07.4",
    "category": "bulk",
    "x": 9,
    "y": 10,
    "zone": "fast_pick",
    "environment_type": "cold",
    "currently_occupied": false,
    "accessible": false,
    "distance_to_packing": 10
  },
  {
    "_id": {
      "$oid": "686e2930161aabff0be2403f"
    },
    "location_id": "D08.4",
    "category": "bulk",
    "x": 3,
    "y": 11,
    "zone": "cold",
    "environment_type": "humid",
    "currently_occupied": false,
    "accessible": false,
    "distance_to_packing": 3
  },
  {
    "_id": {
      "$oid": "686e2930161aabff0be24045"
    },
    "location_id": "D10.2",
    "category": "bulk",
    "x": 5,
    "y": 11,
    "zone": "heavy_zone",
    "environment_type": "cold",
    "currently_occupied": true,
    "accessible": false,
    "distance_to_packing": 5
  },
  {
    "_id": {
      "$oid": "686e2930161aabff0be23f96"
    },
    "location_id": "B01.3",
    "category": "bin",
    "x": 1,
    "y": 2,
    "zone": "fast_pick",
    "environment_type": "humid",
    "currently_occupied": true,
    "accessible": true,
    "distance_to_packing": 10
  },
  {
    "_id": {
      "$oid": "686e2930161aabff0be23f98"
    },
    "location_id": "B08.1",
    "category": "bin",
    "x": 3,
    "y": 2,
    "zone": "heavy_zone",
    "environment_type": "normal",
    "currently_occupied": false,
    "accessible": false,
    "distance_to_packing": 12
  },
  {
    "_id": {
      "$oid": "686e2930161aabff0be23fac"
    },
    "location_id": "B09.1",
    "category": "bin",
    "x": 3,
    "y": 3,
    "zone": "heavy_zone",
    "environment_type": "cold",
    "currently_occupied": false,
    "accessible": false,
    "distance_to_packing": 11
  },
  {
    "_id": {
      "$oid": "686e2930161aabff0be23fb6"
    },
    "location_id": "P02.3",
    "category": "pallet",
    "x": 7,
    "y": 3,
    "zone": "cold",
    "environment_type": "humid",
    "currently_occupied": true,
    "accessible": true,
    "distance_to_packing": 15
  },
  {
    "_id": {
      "$oid": "686e2930161aabff0be23fda"
    },
    "location_id": "B18.3",
    "category": "bin",
    "x": 5,
    "y": 5,
    "zone": "cold",
    "environment_type": "cold",
    "currently_occupied": false,
    "accessible": true,
    "distance_to_packing": 11
  },
  {
    "_id": {
      "$oid": "686e2930161aabff0be23fe4"
    },
    "location_id": "B05.1",
    "category": "bin",
    "x": 1,
    "y": 6,
    "zone": "cold",
    "environment_type": "normal",
    "currently_occupied": true,
    "accessible": false,
    "distance_to_packing": 6
  },
  {
    "_id": {
      "$oid": "686e2930161aabff0be23ff0"
    },
    "location_id": "P05.1",
    "category": "pallet",
    "x": 7,
    "y": 6,
    "zone": "heavy_zone",
    "environment_type": "cold",
    "currently_occupied": true,
    "accessible": true,
    "distance_to_packing": 12
  },
  {
    "_id": {
      "$oid": "686e2930161aabff0be23ffd"
    },
    "location_id": "B13.2",
    "category": "bin",
    "x": 3,
    "y": 7,
    "zone": "fast_pick",
    "environment_type": "cold",
    "currently_occupied": false,
    "accessible": true,
    "distance_to_packing": 7
  },
  {
    "_id": {
      "$oid": "686e2930161aabff0be24017"
    },
    "location_id": "B21.4",
    "category": "bin",
    "x": 5,
    "y": 8,
    "zone": "fast_pick",
    "environment_type": "humid",
    "currently_occupied": false,
    "accessible": true,
    "distance_to_packing": 8
  },
  {
    "_id": {
      "$oid": "686e2930161aabff0be2401b"
    },
    "location_id": "P07.4",
    "category": "pallet",
    "x": 7,
    "y": 8,
    "zone": "normal",
    "environment_type": "normal",
    "currently_occupied": false,
    "accessible": false,
    "distance_to_packing": 10
  },
  {
    "_id": {
      "$oid": "686e2930161aabff0be2401d"
    },
    "location_id": "P14.2",
    "category": "pallet",
    "x": 9,
    "y": 8,
    "zone": "cold",
    "environment_type": "cold",
    "currently_occupied": false,
    "accessible": false,
    "distance_to_packing": 12
  },
  {
    "_id": {
      "$oid": "686e2930161aabff0be24020"
    },
    "location_id": "D01.1",
    "category": "bulk",
    "x": 3,
    "y": 10,
    "zone": "normal",
    "environment_type": "humid",
    "currently_occupied": false,
    "accessible": false,
    "distance_to_packing": 4
  },
  {
    "_id": {
      "$oid": "686e2930161aabff0be2404f"
    },
    "location_id": "D12.4",
    "category": "bulk",
    "x": 7,
    "y": 11,
    "zone": "cold",
    "environment_type": "cold",
    "currently_occupied": true,
    "accessible": true,
    "distance_to_packing": 7
  },
  {
    "_id": {
      "$oid": "686e2930161aabff0be23fa2"
    },
    "location_id": "P01.3",
    "category": "pallet",
    "x": 7,
    "y": 2,
    "zone": "cold",
    "environment_type": "cold",
    "currently_occupied": false,
    "accessible": true,
    "distance_to_packing": 16
  },
  {
    "_id": {
      "$oid": "686e2930161aabff0be23fa8"
    },
    "location_id": "B02.1",
    "category": "bin",
    "x": 1,
    "y": 3,
    "zone": "normal",
    "environment_type": "normal",
    "currently_occupied": true,
    "accessible": true,
    "distance_to_packing": 9
  },
  {
    "_id": {
      "$oid": "686e2930161aabff0be23fb2"
    },
    "location_id": "B16.3",
    "category": "bin",
    "x": 5,
    "y": 3,
    "zone": "normal",
    "environment_type": "humid",
    "currently_occupied": true,
    "accessible": false,
    "distance_to_packing": 13
  },
  {
    "_id": {
      "$oid": "686e2930161aabff0be23fbc"
    },
    "location_id": "B03.1",
    "category": "bin",
    "x": 1,
    "y": 4,
    "zone": "fast_pick",
    "environment_type": "normal",
    "currently_occupied": false,
    "accessible": false,
    "distance_to_packing": 8
  },
  {
    "_id": {
      "$oid": "686e2930161aabff0be23fc5"
    },
    "location_id": "B17.2",
    "category": "bin",
    "x": 5,
    "y": 4,
    "zone": "heavy_zone",
    "environment_type": "humid",
    "currently_occupied": true,
    "accessible": false,
    "distance_to_packing": 12
  },
  {
    "_id": {
      "$oid": "686e2930161aabff0be23fc6"
    },
    "location_id": "B17.3",
    "category": "bin",
    "x": 5,
    "y": 4,
    "zone": "heavy_zone",
    "environment_type": "humid",
    "currently_occupied": false,
    "accessible": true,
    "distance_to_packing": 12
  },
  {
    "_id": {
      "$oid": "686e2930161aabff0be23fe8"
    },
    "location_id": "B12.1",
    "category": "bin",
    "x": 3,
    "y": 6,
    "zone": "cold",
    "environment_type": "cold",
    "currently_occupied": true,
    "accessible": true,
    "distance_to_packing": 8
  },
  {
    "_id": {
      "$oid": "686e2930161aabff0be23fea"
    },
    "location_id": "B12.3",
    "category": "bin",
    "x": 3,
    "y": 6,
    "zone": "cold",
    "environment_type": "cold",
    "currently_occupied": true,
    "accessible": false,
    "distance_to_packing": 8
  },
  {
    "_id": {
      "$oid": "686e2930161aabff0be23fed"
    },
    "location_id": "B19.2",
    "category": "bin",
    "x": 5,
    "y": 6,
    "zone": "cold",
    "environment_type": "cold",
    "currently_occupied": true,
    "accessible": true,
    "distance_to_packing": 10
  },
  {
    "_id": {
      "$oid": "686e2930161aabff0be23ff7"
    },
    "location_id": "P12.4",
    "category": "pallet",
    "x": 9,
    "y": 6,
    "zone": "heavy_zone",
    "environment_type": "normal",
    "currently_occupied": true,
    "accessible": true,
    "distance_to_packing": 14
  },
  {
    "_id": {
      "$oid": "686e2930161aabff0be24012"
    },
    "location_id": "B14.3",
    "category": "bin",
    "x": 3,
    "y": 8,
    "zone": "heavy_zone",
    "environment_type": "normal",
    "currently_occupied": true,
    "accessible": false,
    "distance_to_packing": 6
  },
  {
    "_id": {
      "$oid": "686e2930161aabff0be24013"
    },
    "location_id": "B14.4",
    "category": "bin",
    "x": 3,
    "y": 8,
    "zone": "heavy_zone",
    "environment_type": "normal",
    "currently_occupied": false,
    "accessible": true,
    "distance_to_packing": 6
  },
  {
    "_id": {
      "$oid": "686e2930161aabff0be24030"
    },
    "location_id": "D05.1",
    "category": "bulk",
    "x": 7,
    "y": 10,
    "zone": "cold",
    "environment_type": "normal",
    "currently_occupied": false,
    "accessible": false,
    "distance_to_packing": 8
  },
  {
    "_id": {
      "$oid": "686e2930161aabff0be24034"
    },
    "location_id": "D06.1",
    "category": "bulk",
    "x": 8,
    "y": 10,
    "zone": "heavy_zone",
    "environment_type": "humid",
    "currently_occupied": true,
    "accessible": false,
    "distance_to_packing": 9
  },
  {
    "_id": {
      "$oid": "686e2930161aabff0be24050"
    },
    "location_id": "D13.1",
    "category": "bulk",
    "x": 8,
    "y": 11,
    "zone": "cold",
    "environment_type": "normal",
    "currently_occupied": true,
    "accessible": false,
    "distance_to_packing": 8
  },
  {
    "_id": {
      "$oid": "686e2930161aabff0be23f9d"
    },
    "location_id": "B15.2",
    "category": "bin",
    "x": 5,
    "y": 2,
    "zone": "normal",
    "environment_type": "cold",
    "currently_occupied": false,
    "accessible": false,
    "distance_to_packing": 14
  },
  {
    "_id": {
      "$oid": "686e2930161aabff0be23fd5"
    },
    "location_id": "B11.2",
    "category": "bin",
    "x": 3,
    "y": 5,
    "zone": "cold",
    "environment_type": "normal",
    "currently_occupied": true,
    "accessible": true,
    "distance_to_packing": 9
  },
  {
    "_id": {
      "$oid": "686e2930161aabff0be23fdc"
    },
    "location_id": "P04.1",
    "category": "pallet",
    "x": 7,
    "y": 5,
    "zone": "fast_pick",
    "environment_type": "cold",
    "currently_occupied": true,
    "accessible": false,
    "distance_to_packing": 13
  },
  {
    "_id": {
      "$oid": "686e2930161aabff0be23ffb"
    },
    "location_id": "B06.4",
    "category": "bin",
    "x": 1,
    "y": 7,
    "zone": "fast_pick",
    "environment_type": "cold",
    "currently_occupied": false,
    "accessible": false,
    "distance_to_packing": 5
  },
  {
    "_id": {
      "$oid": "686e2930161aabff0be24002"
    },
    "location_id": "B20.3",
    "category": "bin",
    "x": 5,
    "y": 7,
    "zone": "heavy_zone",
    "environment_type": "humid",
    "currently_occupied": true,
    "accessible": false,
    "distance_to_packing": 9
  },
  {
    "_id": {
      "$oid": "686e2930161aabff0be24007"
    },
    "location_id": "P06.4",
    "category": "pallet",
    "x": 7,
    "y": 7,
    "zone": "fast_pick",
    "environment_type": "normal",
    "currently_occupied": true,
    "accessible": true,
    "distance_to_packing": 11
  },
  {
    "_id": {
      "$oid": "686e2930161aabff0be2400f"
    },
    "location_id": "B07.4",
    "category": "bin",
    "x": 1,
    "y": 8,
    "zone": "heavy_zone",
    "environment_type": "humid",
    "currently_occupied": false,
    "accessible": true,
    "distance_to_packing": 4
  },
  {
    "_id": {
      "$oid": "686e2930161aabff0be24027"
    },
    "location_id": "D02.4",
    "category": "bulk",
    "x": 4,
    "y": 10,
    "zone": "normal",
    "environment_type": "normal",
    "currently_occupied": false,
    "accessible": false,
    "distance_to_packing": 5
  },
  {
    "_id": {
      "$oid": "686e2930161aabff0be2403c"
    },
    "location_id": "D08.1",
    "category": "bulk",
    "x": 3,
    "y": 11,
    "zone": "cold",
    "environment_type": "humid",
    "currently_occupied": true,
    "accessible": false,
    "distance_to_packing": 3
  },
  {
    "_id": {
      "$oid": "686e2930161aabff0be23f9b"
    },
    "location_id": "B08.4",
    "category": "bin",
    "x": 3,
    "y": 2,
    "zone": "heavy_zone",
    "environment_type": "normal",
    "currently_occupied": true,
    "accessible": false,
    "distance_to_packing": 12
  },
  {
    "_id": {
      "$oid": "686e2930161aabff0be23fa0"
    },
    "location_id": "P01.1",
    "category": "pallet",
    "x": 7,
    "y": 2,
    "zone": "cold",
    "environment_type": "cold",
    "currently_occupied": false,
    "accessible": true,
    "distance_to_packing": 16
  },
  {
    "_id": {
      "$oid": "686e2930161aabff0be23fa4"
    },
    "location_id": "P08.1",
    "category": "pallet",
    "x": 9,
    "y": 2,
    "zone": "fast_pick",
    "environment_type": "humid",
    "currently_occupied": true,
    "accessible": true,
    "distance_to_packing": 18
  },
  {
    "_id": {
      "$oid": "686e2930161aabff0be23fa6"
    },
    "location_id": "P08.3",
    "category": "pallet",
    "x": 9,
    "y": 2,
    "zone": "fast_pick",
    "environment_type": "humid",
    "currently_occupied": true,
    "accessible": false,
    "distance_to_packing": 18
  },
  {
    "_id": {
      "$oid": "686e2930161aabff0be23fab"
    },
    "location_id": "B02.4",
    "category": "bin",
    "x": 1,
    "y": 3,
    "zone": "normal",
    "environment_type": "normal",
    "currently_occupied": false,
    "accessible": true,
    "distance_to_packing": 9
  },
  {
    "_id": {
      "$oid": "686e2930161aabff0be23faf"
    },
    "location_id": "B09.4",
    "category": "bin",
    "x": 3,
    "y": 3,
    "zone": "heavy_zone",
    "environment_type": "cold",
    "currently_occupied": true,
    "accessible": false,
    "distance_to_packing": 11
  },
  {
    "_id": {
      "$oid": "686e2930161aabff0be23fb3"
    },
    "location_id": "B16.4",
    "category": "bin",
    "x": 5,
    "y": 3,
    "zone": "normal",
    "environment_type": "humid",
    "currently_occupied": false,
    "accessible": true,
    "distance_to_packing": 13
  },
  {
    "_id": {
      "$oid": "686e2930161aabff0be23fbe"
    },
    "location_id": "B03.3",
    "category": "bin",
    "x": 1,
    "y": 4,
    "zone": "fast_pick",
    "environment_type": "normal",
    "currently_occupied": false,
    "accessible": true,
    "distance_to_packing": 8
  },
  {
    "_id": {
      "$oid": "686e2930161aabff0be23fc1"
    },
    "location_id": "B10.2",
    "category": "bin",
    "x": 3,
    "y": 4,
    "zone": "heavy_zone",
    "environment_type": "normal",
    "currently_occupied": true,
    "accessible": false,
    "distance_to_packing": 10
  },
  {
    "_id": {
      "$oid": "686e2930161aabff0be23fc8"
    },
    "location_id": "P03.1",
    "category": "pallet",
    "x": 7,
    "y": 4,
    "zone": "cold",
    "environment_type": "normal",
    "currently_occupied": false,
    "accessible": true,
    "distance_to_packing": 14
  },
  {
    "_id": {
      "$oid": "686e2930161aabff0be23fd8"
    },
    "location_id": "B18.1",
    "category": "bin",
    "x": 5,
    "y": 5,
    "zone": "cold",
    "environment_type": "cold",
    "currently_occupied": false,
    "accessible": false,
    "distance_to_packing": 11
  },
  {
    "_id": {
      "$oid": "686e2930161aabff0be23fd9"
    },
    "location_id": "B18.2",
    "category": "bin",
    "x": 5,
    "y": 5,
    "zone": "cold",
    "environment_type": "cold",
    "currently_occupied": true,
    "accessible": true,
    "distance_to_packing": 11
  },
  {
    "_id": {
      "$oid": "686e2930161aabff0be23fe6"
    },
    "location_id": "B05.3",
    "category": "bin",
    "x": 1,
    "y": 6,
    "zone": "cold",
    "environment_type": "normal",
    "currently_occupied": true,
    "accessible": true,
    "distance_to_packing": 6
  },
  {
    "_id": {
      "$oid": "686e2930161aabff0be2400d"
    },
    "location_id": "B07.2",
    "category": "bin",
    "x": 1,
    "y": 8,
    "zone": "heavy_zone",
    "environment_type": "humid",
    "currently_occupied": false,
    "accessible": false,
    "distance_to_packing": 4
  },
  {
    "_id": {
      "$oid": "686e2930161aabff0be24022"
    },
    "location_id": "D01.3",
    "category": "bulk",
    "x": 3,
    "y": 10,
    "zone": "normal",
    "environment_type": "humid",
    "currently_occupied": false,
    "accessible": true,
    "distance_to_packing": 4
  },
  {
    "_id": {
      "$oid": "686e2930161aabff0be24028"
    },
    "location_id": "D03.1",
    "category": "bulk",
    "x": 5,
    "y": 10,
    "zone": "cold",
    "environment_type": "humid",
    "currently_occupied": true,
    "accessible": true,
    "distance_to_packing": 6
  },
  {
    "_id": {
      "$oid": "686e2930161aabff0be2404a"
    },
    "location_id": "D11.3",
    "category": "bulk",
    "x": 6,
    "y": 11,
    "zone": "normal",
    "environment_type": "normal",
    "currently_occupied": true,
    "accessible": true,
    "distance_to_packing": 6
  },
  {
    "_id": {
      "$oid": "686e2930161aabff0be24055"
    },
    "location_id": "D14.2",
    "category": "bulk",
    "x": 9,
    "y": 11,
    "zone": "cold",
    "environment_type": "humid",
    "currently_occupied": false,
    "accessible": true,
    "distance_to_packing": 9
  },
  {
    "_id": {
      "$oid": "686e2930161aabff0be24056"
    },
    "location_id": "D14.3",
    "category": "bulk",
    "x": 9,
    "y": 11,
    "zone": "cold",
    "environment_type": "humid",
    "currently_occupied": true,
    "accessible": true,
    "distance_to_packing": 9
  },
  {
    "_id": {
      "$oid": "686e2930161aabff0be23f94"
    },
    "location_id": "B01.1",
    "category": "bin",
    "x": 1,
    "y": 2,
    "zone": "fast_pick",
    "environment_type": "humid",
    "currently_occupied": true,
    "accessible": false,
    "distance_to_packing": 10
  },
  {
    "_id": {
      "$oid": "686e2930161aabff0be23fae"
    },
    "location_id": "B09.3",
    "category": "bin",
    "x": 3,
    "y": 3,
    "zone": "heavy_zone",
    "environment_type": "cold",
    "currently_occupied": false,
    "accessible": true,
    "distance_to_packing": 11
  },
  {
    "_id": {
      "$oid": "686e2930161aabff0be23fdd"
    },
    "location_id": "P04.2",
    "category": "pallet",
    "x": 7,
    "y": 5,
    "zone": "fast_pick",
    "environment_type": "cold",
    "currently_occupied": false,
    "accessible": true,
    "distance_to_packing": 13
  },
  {
    "_id": {
      "$oid": "686e2930161aabff0be23fde"
    },
    "location_id": "P04.3",
    "category": "pallet",
    "x": 7,
    "y": 5,
    "zone": "fast_pick",
    "environment_type": "cold",
    "currently_occupied": true,
    "accessible": true,
    "distance_to_packing": 13
  },
  {
    "_id": {
      "$oid": "686e2930161aabff0be23ff1"
    },
    "location_id": "P05.2",
    "category": "pallet",
    "x": 7,
    "y": 6,
    "zone": "heavy_zone",
    "environment_type": "cold",
    "currently_occupied": false,
    "accessible": false,
    "distance_to_packing": 12
  },
  {
    "_id": {
      "$oid": "686e2930161aabff0be23ffc"
    },
    "location_id": "B13.1",
    "category": "bin",
    "x": 3,
    "y": 7,
    "zone": "fast_pick",
    "environment_type": "cold",
    "currently_occupied": true,
    "accessible": false,
    "distance_to_packing": 7
  },
  {
    "_id": {
      "$oid": "686e2930161aabff0be24011"
    },
    "location_id": "B14.2",
    "category": "bin",
    "x": 3,
    "y": 8,
    "zone": "heavy_zone",
    "environment_type": "normal",
    "currently_occupied": false,
    "accessible": false,
    "distance_to_packing": 6
  },
  {
    "_id": {
      "$oid": "686e2930161aabff0be24014"
    },
    "location_id": "B21.1",
    "category": "bin",
    "x": 5,
    "y": 8,
    "zone": "fast_pick",
    "environment_type": "humid",
    "currently_occupied": true,
    "accessible": true,
    "distance_to_packing": 8
  },
  {
    "_id": {
      "$oid": "686e2930161aabff0be24018"
    },
    "location_id": "P07.1",
    "category": "pallet",
    "x": 7,
    "y": 8,
    "zone": "normal",
    "environment_type": "normal",
    "currently_occupied": true,
    "accessible": false,
    "distance_to_packing": 10
  },
  {
    "_id": {
      "$oid": "686e2930161aabff0be2401e"
    },
    "location_id": "P14.3",
    "category": "pallet",
    "x": 9,
    "y": 8,
    "zone": "cold",
    "environment_type": "cold",
    "currently_occupied": true,
    "accessible": false,
    "distance_to_packing": 12
  },
  {
    "_id": {
      "$oid": "686e2930161aabff0be2402e"
    },
    "location_id": "D04.3",
    "category": "bulk",
    "x": 6,
    "y": 10,
    "zone": "heavy_zone",
    "environment_type": "humid",
    "currently_occupied": true,
    "accessible": false,
    "distance_to_packing": 7
  },
  {
    "_id": {
      "$oid": "686e2930161aabff0be24032"
    },
    "location_id": "D05.3",
    "category": "bulk",
    "x": 7,
    "y": 10,
    "zone": "cold",
    "environment_type": "normal",
    "currently_occupied": false,
    "accessible": true,
    "distance_to_packing": 8
  },
  {
    "_id": {
      "$oid": "686e2930161aabff0be2404b"
    },
    "location_id": "D11.4",
    "category": "bulk",
    "x": 6,
    "y": 11,
    "zone": "normal",
    "environment_type": "normal",
    "currently_occupied": false,
    "accessible": false,
    "distance_to_packing": 6
  },
  {
    "_id": {
      "$oid": "686e2930161aabff0be24051"
    },
    "location_id": "D13.2",
    "category": "bulk",
    "x": 8,
    "y": 11,
    "zone": "cold",
    "environment_type": "normal",
    "currently_occupied": false,
    "accessible": true,
    "distance_to_packing": 8
  },
  {
    "_id": {
      "$oid": "686e2930161aabff0be23fcd"
    },
    "location_id": "P10.2",
    "category": "pallet",
    "x": 9,
    "y": 4,
    "zone": "heavy_zone",
    "environment_type": "humid",
    "currently_occupied": false,
    "accessible": false,
    "distance_to_packing": 16
  },
  {
    "_id": {
      "$oid": "686e2930161aabff0be23fec"
    },
    "location_id": "B19.1",
    "category": "bin",
    "x": 5,
    "y": 6,
    "zone": "cold",
    "environment_type": "cold",
    "currently_occupied": false,
    "accessible": false,
    "distance_to_packing": 10
  },
  {
    "_id": {
      "$oid": "686e2930161aabff0be23ffa"
    },
    "location_id": "B06.3",
    "category": "bin",
    "x": 1,
    "y": 7,
    "zone": "fast_pick",
    "environment_type": "cold",
    "currently_occupied": true,
    "accessible": true,
    "distance_to_packing": 5
  },
  {
    "_id": {
      "$oid": "686e2930161aabff0be24008"
    },
    "location_id": "P13.1",
    "category": "pallet",
    "x": 9,
    "y": 7,
    "zone": "cold",
    "environment_type": "humid",
    "currently_occupied": true,
    "accessible": true,
    "distance_to_packing": 13
  },
  {
    "_id": {
      "$oid": "686e2930161aabff0be2402b"
    },
    "location_id": "D03.4",
    "category": "bulk",
    "x": 5,
    "y": 10,
    "zone": "cold",
    "environment_type": "humid",
    "currently_occupied": false,
    "accessible": true,
    "distance_to_packing": 6
  },
  {
    "_id": {
      "$oid": "686e2930161aabff0be2402f"
    },
    "location_id": "D04.4",
    "category": "bulk",
    "x": 6,
    "y": 10,
    "zone": "heavy_zone",
    "environment_type": "humid",
    "currently_occupied": false,
    "accessible": true,
    "distance_to_packing": 7
  },
  {
    "_id": {
      "$oid": "686e2930161aabff0be24044"
    },
    "location_id": "D10.1",
    "category": "bulk",
    "x": 5,
    "y": 11,
    "zone": "heavy_zone",
    "environment_type": "cold",
    "currently_occupied": false,
    "accessible": true,
    "distance_to_packing": 5
  },
  {
    "_id": {
      "$oid": "686e2930161aabff0be24052"
    },
    "location_id": "D13.3",
    "category": "bulk",
    "x": 8,
    "y": 11,
    "zone": "cold",
    "environment_type": "normal",
    "currently_occupied": true,
    "accessible": true,
    "distance_to_packing": 8
  },
  {
    "_id": {
      "$oid": "686e2930161aabff0be23fb9"
    },
    "location_id": "P09.2",
    "category": "pallet",
    "x": 9,
    "y": 3,
    "zone": "fast_pick",
    "environment_type": "humid",
    "currently_occupied": false,
    "accessible": true,
    "distance_to_packing": 17
  },
  {
    "_id": {
      "$oid": "686e2930161aabff0be23fc0"
    },
    "location_id": "B10.1",
    "category": "bin",
    "x": 3,
    "y": 4,
    "zone": "heavy_zone",
    "environment_type": "normal",
    "currently_occupied": false,
    "accessible": true,
    "distance_to_packing": 10
  },
  {
    "_id": {
      "$oid": "686e2930161aabff0be23fc2"
    },
    "location_id": "B10.3",
    "category": "bin",
    "x": 3,
    "y": 4,
    "zone": "heavy_zone",
    "environment_type": "normal",
    "currently_occupied": false,
    "accessible": true,
    "distance_to_packing": 10
  },
  {
    "_id": {
      "$oid": "686e2930161aabff0be23fd0"
    },
    "location_id": "B04.1",
    "category": "bin",
    "x": 1,
    "y": 5,
    "zone": "normal",
    "environment_type": "cold",
    "currently_occupied": false,
    "accessible": true,
    "distance_to_packing": 7
  },
  {
    "_id": {
      "$oid": "686e2930161aabff0be23fd4"
    },
    "location_id": "B11.1",
    "category": "bin",
    "x": 3,
    "y": 5,
    "zone": "cold",
    "environment_type": "normal",
    "currently_occupied": false,
    "accessible": false,
    "distance_to_packing": 9
  },
  {
    "_id": {
      "$oid": "686e2930161aabff0be23fe2"
    },
    "location_id": "P11.3",
    "category": "pallet",
    "x": 9,
    "y": 5,
    "zone": "fast_pick",
    "environment_type": "normal",
    "currently_occupied": true,
    "accessible": true,
    "distance_to_packing": 15
  },
  {
    "_id": {
      "$oid": "686e2930161aabff0be23fe7"
    },
    "location_id": "B05.4",
    "category": "bin",
    "x": 1,
    "y": 6,
    "zone": "cold",
    "environment_type": "normal",
    "currently_occupied": false,
    "accessible": false,
    "distance_to_packing": 6
  },
  {
    "_id": {
      "$oid": "686e2930161aabff0be2403e"
    },
    "location_id": "D08.3",
    "category": "bulk",
    "x": 3,
    "y": 11,
    "zone": "cold",
    "environment_type": "humid",
    "currently_occupied": true,
    "accessible": true,
    "distance_to_packing": 3
  },
  {
    "_id": {
      "$oid": "686e2930161aabff0be24057"
    },
    "location_id": "D14.4",
    "category": "bulk",
    "x": 9,
    "y": 11,
    "zone": "cold",
    "environment_type": "humid",
    "currently_occupied": false,
    "accessible": false,
    "distance_to_packing": 9
  },
  {
    "_id": {
      "$oid": "686e2930161aabff0be23fb1"
    },
    "location_id": "B16.2",
    "category": "bin",
    "x": 5,
    "y": 3,
    "zone": "normal",
    "environment_type": "humid",
    "currently_occupied": false,
    "accessible": false,
    "distance_to_packing": 13
  },
  {
    "_id": {
      "$oid": "686e2930161aabff0be23fbf"
    },
    "location_id": "B03.4",
    "category": "bin",
    "x": 1,
    "y": 4,
    "zone": "fast_pick",
    "environment_type": "normal",
    "currently_occupied": true,
    "accessible": false,
    "distance_to_packing": 8
  },
  {
    "_id": {
      "$oid": "686e2930161aabff0be23fce"
    },
    "location_id": "P10.3",
    "category": "pallet",
    "x": 9,
    "y": 4,
    "zone": "heavy_zone",
    "environment_type": "humid",
    "currently_occupied": true,
    "accessible": false,
    "distance_to_packing": 16
  },
  {
    "_id": {
      "$oid": "686e2930161aabff0be23fd6"
    },
    "location_id": "B11.3",
    "category": "bin",
    "x": 3,
    "y": 5,
    "zone": "cold",
    "environment_type": "normal",
    "currently_occupied": false,
    "accessible": true,
    "distance_to_packing": 9
  },
  {
    "_id": {
      "$oid": "686e2930161aabff0be23fd7"
    },
    "location_id": "B11.4",
    "category": "bin",
    "x": 3,
    "y": 5,
    "zone": "cold",
    "environment_type": "normal",
    "currently_occupied": true,
    "accessible": false,
    "distance_to_packing": 9
  },
  {
    "_id": {
      "$oid": "686e2930161aabff0be23fe0"
    },
    "location_id": "P11.1",
    "category": "pallet",
    "x": 9,
    "y": 5,
    "zone": "fast_pick",
    "environment_type": "normal",
    "currently_occupied": true,
    "accessible": false,
    "distance_to_packing": 15
  },
  {
    "_id": {
      "$oid": "686e2930161aabff0be23ff4"
    },
    "location_id": "P12.1",
    "category": "pallet",
    "x": 9,
    "y": 6,
    "zone": "heavy_zone",
    "environment_type": "normal",
    "currently_occupied": false,
    "accessible": true,
    "distance_to_packing": 14
  },
  {
    "_id": {
      "$oid": "686e2930161aabff0be23ff8"
    },
    "location_id": "B06.1",
    "category": "bin",
    "x": 1,
    "y": 7,
    "zone": "fast_pick",
    "environment_type": "cold",
    "currently_occupied": true,
    "accessible": false,
    "distance_to_packing": 5
  },
  {
    "_id": {
      "$oid": "686e2930161aabff0be24019"
    },
    "location_id": "P07.2",
    "category": "pallet",
    "x": 7,
    "y": 8,
    "zone": "normal",
    "environment_type": "normal",
    "currently_occupied": false,
    "accessible": true,
    "distance_to_packing": 10
  },
  {
    "_id": {
      "$oid": "686e2930161aabff0be24040"
    },
    "location_id": "D09.1",
    "category": "bulk",
    "x": 4,
    "y": 11,
    "zone": "heavy_zone",
    "environment_type": "humid",
    "currently_occupied": true,
    "accessible": true,
    "distance_to_packing": 4
  },
  {
    "_id": {
      "$oid": "686e2930161aabff0be24046"
    },
    "location_id": "D10.3",
    "category": "bulk",
    "x": 5,
    "y": 11,
    "zone": "heavy_zone",
    "environment_type": "cold",
    "currently_occupied": false,
    "accessible": true,
    "distance_to_packing": 5
  },
  {
    "_id": {
      "$oid": "686e2930161aabff0be24053"
    },
    "location_id": "D13.4",
    "category": "bulk",
    "x": 8,
    "y": 11,
    "zone": "cold",
    "environment_type": "normal",
    "currently_occupied": false,
    "accessible": false,
    "distance_to_packing": 8
  },
  {
    "_id": {
      "$oid": "686e2930161aabff0be23f97"
    },
    "location_id": "B01.4",
    "category": "bin",
    "x": 1,
    "y": 2,
    "zone": "fast_pick",
    "environment_type": "humid",
    "currently_occupied": false,
    "accessible": false,
    "distance_to_packing": 10
  },
  {
    "_id": {
      "$oid": "686e2930161aabff0be23fa7"
    },
    "location_id": "P08.4",
    "category": "pallet",
    "x": 9,
    "y": 2,
    "zone": "fast_pick",
    "environment_type": "humid",
    "currently_occupied": false,
    "accessible": true,
    "distance_to_packing": 18
  },
  {
    "_id": {
      "$oid": "686e2930161aabff0be23fc4"
    },
    "location_id": "B17.1",
    "category": "bin",
    "x": 5,
    "y": 4,
    "zone": "heavy_zone",
    "environment_type": "humid",
    "currently_occupied": false,
    "accessible": true,
    "distance_to_packing": 12
  },
  {
    "_id": {
      "$oid": "686e2930161aabff0be23fe1"
    },
    "location_id": "P11.2",
    "category": "pallet",
    "x": 9,
    "y": 5,
    "zone": "fast_pick",
    "environment_type": "normal",
    "currently_occupied": false,
    "accessible": true,
    "distance_to_packing": 15
  },
  {
    "_id": {
      "$oid": "686e2930161aabff0be23fe9"
    },
    "location_id": "B12.2",
    "category": "bin",
    "x": 3,
    "y": 6,
    "zone": "cold",
    "environment_type": "cold",
    "currently_occupied": false,
    "accessible": false,
    "distance_to_packing": 8
  },
  {
    "_id": {
      "$oid": "686e2930161aabff0be24003"
    },
    "location_id": "B20.4",
    "category": "bin",
    "x": 5,
    "y": 7,
    "zone": "heavy_zone",
    "environment_type": "humid",
    "currently_occupied": false,
    "accessible": true,
    "distance_to_packing": 9
  },
  {
    "_id": {
      "$oid": "686e2930161aabff0be2401a"
    },
    "location_id": "P07.3",
    "category": "pallet",
    "x": 7,
    "y": 8,
    "zone": "normal",
    "environment_type": "normal",
    "currently_occupied": true,
    "accessible": true,
    "distance_to_packing": 10
  },
  {
    "_id": {
      "$oid": "686e2930161aabff0be24023"
    },
    "location_id": "D01.4",
    "category": "bulk",
    "x": 3,
    "y": 10,
    "zone": "normal",
    "environment_type": "humid",
    "currently_occupied": true,
    "accessible": false,
    "distance_to_packing": 4
  },
  {
    "_id": {
      "$oid": "686e2930161aabff0be2402a"
    },
    "location_id": "D03.3",
    "category": "bulk",
    "x": 5,
    "y": 10,
    "zone": "cold",
    "environment_type": "humid",
    "currently_occupied": true,
    "accessible": false,
    "distance_to_packing": 6
  },
  {
    "_id": {
      "$oid": "686e2930161aabff0be24037"
    },
    "location_id": "D06.4",
    "category": "bulk",
    "x": 8,
    "y": 10,
    "zone": "heavy_zone",
    "environment_type": "humid",
    "currently_occupied": false,
    "accessible": false,
    "distance_to_packing": 9
  },
  {
    "_id": {
      "$oid": "686e2930161aabff0be24039"
    },
    "location_id": "D07.2",
    "category": "bulk",
    "x": 9,
    "y": 10,
    "zone": "fast_pick",
    "environment_type": "cold",
    "currently_occupied": false,
    "accessible": true,
    "distance_to_packing": 10
  },
  {
    "_id": {
      "$oid": "686e2930161aabff0be24048"
    },
    "location_id": "D11.1",
    "category": "bulk",
    "x": 6,
    "y": 11,
    "zone": "normal",
    "environment_type": "normal",
    "currently_occupied": true,
    "accessible": false,
    "distance_to_packing": 6
  },
  {
    "_id": {
      "$oid": "686e2930161aabff0be2404c"
    },
    "location_id": "D12.1",
    "category": "bulk",
    "x": 7,
    "y": 11,
    "zone": "cold",
    "environment_type": "cold",
    "currently_occupied": false,
    "accessible": true,
    "distance_to_packing": 7
  },
  {
    "_id": {
      "$oid": "686e2930161aabff0be23fad"
    },
    "location_id": "B09.2",
    "category": "bin",
    "x": 3,
    "y": 3,
    "zone": "heavy_zone",
    "environment_type": "cold",
    "currently_occupied": true,
    "accessible": true,
    "distance_to_packing": 11
  },
  {
    "_id": {
      "$oid": "686e2930161aabff0be23fb5"
    },
    "location_id": "P02.2",
    "category": "pallet",
    "x": 7,
    "y": 3,
    "zone": "cold",
    "environment_type": "humid",
    "currently_occupied": false,
    "accessible": true,
    "distance_to_packing": 15
  },
  {
    "_id": {
      "$oid": "686e2930161aabff0be23fbb"
    },
    "location_id": "P09.4",
    "category": "pallet",
    "x": 9,
    "y": 3,
    "zone": "fast_pick",
    "environment_type": "humid",
    "currently_occupied": false,
    "accessible": false,
    "distance_to_packing": 17
  },
  {
    "_id": {
      "$oid": "686e2930161aabff0be23feb"
    },
    "location_id": "B12.4",
    "category": "bin",
    "x": 3,
    "y": 6,
    "zone": "cold",
    "environment_type": "cold",
    "currently_occupied": false,
    "accessible": true,
    "distance_to_packing": 8
  },
  {
    "_id": {
      "$oid": "686e2930161aabff0be24016"
    },
    "location_id": "B21.3",
    "category": "bin",
    "x": 5,
    "y": 8,
    "zone": "fast_pick",
    "environment_type": "humid",
    "currently_occupied": true,
    "accessible": false,
    "distance_to_packing": 8
  },
  {
    "_id": {
      "$oid": "686e2930161aabff0be24026"
    },
    "location_id": "D02.3",
    "category": "bulk",
    "x": 4,
    "y": 10,
    "zone": "normal",
    "environment_type": "normal",
    "currently_occupied": true,
    "accessible": true,
    "distance_to_packing": 5
  },
  {
    "_id": {
      "$oid": "686e2930161aabff0be24043"
    },
    "location_id": "D09.4",
    "category": "bulk",
    "x": 4,
    "y": 11,
    "zone": "heavy_zone",
    "environment_type": "humid",
    "currently_occupied": false,
    "accessible": true,
    "distance_to_packing": 4
  },
  {
    "_id": {
      "$oid": "686e2930161aabff0be2404e"
    },
    "location_id": "D12.3",
    "category": "bulk",
    "x": 7,
    "y": 11,
    "zone": "cold",
    "environment_type": "cold",
    "currently_occupied": false,
    "accessible": true,
    "distance_to_packing": 7
  },
  {
    "_id": {
      "$oid": "686e2930161aabff0be24001"
    },
    "location_id": "B20.2",
    "category": "bin",
    "x": 5,
    "y": 7,
    "zone": "heavy_zone",
    "environment_type": "humid",
    "currently_occupied": false,
    "accessible": false,
    "distance_to_packing": 9
  },
  {
    "_id": {
      "$oid": "686e2930161aabff0be24025"
    },
    "location_id": "D02.2",
    "category": "bulk",
    "x": 4,
    "y": 10,
    "zone": "normal",
    "environment_type": "normal",
    "currently_occupied": false,
    "accessible": true,
    "distance_to_packing": 5
  },
  {
    "_id": {
      "$oid": "686e2930161aabff0be2402c"
    },
    "location_id": "D04.1",
    "category": "bulk",
    "x": 6,
    "y": 10,
    "zone": "heavy_zone",
    "environment_type": "humid",
    "currently_occupied": true,
    "accessible": true,
    "distance_to_packing": 7
  },
  {
    "_id": {
      "$oid": "686e2930161aabff0be2402d"
    },
    "location_id": "D04.2",
    "category": "bulk",
    "x": 6,
    "y": 10,
    "zone": "heavy_zone",
    "environment_type": "humid",
    "currently_occupied": false,
    "accessible": false,
    "distance_to_packing": 7
  },
  {
    "_id": {
      "$oid": "686e2930161aabff0be24035"
    },
    "location_id": "D06.2",
    "category": "bulk",
    "x": 8,
    "y": 10,
    "zone": "heavy_zone",
    "environment_type": "humid",
    "currently_occupied": false,
    "accessible": true,
    "distance_to_packing": 9
  },
  {
    "_id": {
      "$oid": "686e2930161aabff0be2403a"
    },
    "location_id": "D07.3",
    "category": "bulk",
    "x": 9,
    "y": 10,
    "zone": "fast_pick",
    "environment_type": "cold",
    "currently_occupied": true,
    "accessible": true,
    "distance_to_packing": 10
  },
  {
    "_id": {
      "$oid": "686e2930161aabff0be2403d"
    },
    "location_id": "D08.2",
    "category": "bulk",
    "x": 3,
    "y": 11,
    "zone": "cold",
    "environment_type": "humid",
    "currently_occupied": false,
    "accessible": true,
    "distance_to_packing": 3
  },
  {
    "_id": {
      "$oid": "686e2930161aabff0be24049"
    },
    "location_id": "D11.2",
    "category": "bulk",
    "x": 6,
    "y": 11,
    "zone": "normal",
    "environment_type": "normal",
    "currently_occupied": false,
    "accessible": true,
    "distance_to_packing": 6
  }
]