[
  {
    "_id": {
      "$oid": "684707cfee1a259bd009534a"
    },
    "orderID": 1,
    "customerID": 1,
    "order_date": {
      "$date": "2025-06-04T16:11:59.176Z"
    },
    "shipping_address": "789 Retail St, Commerce City",
    "order_status": "packing",
    "priority": 2,
    "notes": "Regular customer order",
    "items": [
      {
        "orderDetailID": 1,
        "itemID": 1,
        "quantity": 5,
        "price": 499.99,
        "fulfilled_quantity": 5,
        "created_at": {
          "$date": "2025-06-04T16:11:59.176Z"
        },
        "updated_at": {
          "$date": "2025-06-06T16:11:59.177Z"
        }
      },
      {
        "orderDetailID": 2,
        "itemID": 7,
        "quantity": 3,
        "price": 129.99,
        "fulfilled_quantity": 3,
        "created_at": {
          "$date": "2025-06-04T16:11:59.177Z"
        },
        "updated_at": {
          "$date": "2025-06-06T16:11:59.177Z"
        }
      }
    ],
    "total_amount": 2889.92,
    "assigned_worker": 4,
    "created_at": {
      "$date": "2025-06-04T16:11:59.178Z"
    },
    "updated_at": {
      "$date": "2025-07-18T14:38:01.661Z"
    }
  },
  {
    "_id": {
      "$oid": "684707cfee1a259bd009534b"
    },
    "orderID": 2,
    "customerID": 2,
    "order_date": {
      "$date": "2025-06-06T16:11:59.178Z"
    },
    "shipping_address": "101 E-commerce Ave, Digital Town",
    "order_status": "packing",
    "priority": 1,
    "notes": "High priority order",
    "items": [
      {
        "orderDetailID": 1,
        "itemID": 2,
        "quantity": 2,
        "price": 899.99,
        "fulfilled_quantity": 2,
        "created_at": {
          "$date": "2025-06-06T16:11:59.178Z"
        },
        "updated_at": {
          "$date": "2025-06-07T16:11:59.179Z"
        }
      },
      {
        "orderDetailID": 2,
        "itemID": 3,
        "quantity": 10,
        "price": 24.99,
        "fulfilled_quantity": 10,
        "created_at": {
          "$date": "2025-06-06T16:11:59.179Z"
        },
        "updated_at": {
          "$date": "2025-06-07T16:11:59.179Z"
        }
      }
    ],
    "total_amount": 2049.88,
    "assigned_worker": 2,
    "created_at": {
      "$date": "2025-06-06T16:11:59.179Z"
    },
    "updated_at": {
      "$date": "2025-07-18T14:37:40.997Z"
    }
  },
  {
    "_id": {
      "$oid": "684707cfee1a259bd009534c"
    },
    "orderID": 3,
    "customerID": 3,
    "order_date": {
      "$date": "2025-06-08T16:11:59.180Z"
    },
    "shipping_address": "202 Distribution Blvd, Logistics City",
    "order_status": "pending",
    "priority": 2,
    "notes": "Regular bulk order",
    "items": [
      {
        "orderDetailID": 1,
        "itemID": 4,
        "quantity": 20,
        "price": 49.99,
        "fulfilled_quantity": 0,
        "created_at": {
          "$date": "2025-06-08T16:11:59.180Z"
        },
        "updated_at": {
          "$date": "2025-06-08T16:11:59.181Z"
        }
      },
      {
        "orderDetailID": 2,
        "itemID": 8,
        "quantity": 15,
        "price": 89.99,
        "fulfilled_quantity": 0,
        "created_at": {
          "$date": "2025-06-08T16:11:59.181Z"
        },
        "updated_at": {
          "$date": "2025-06-08T16:11:59.181Z"
        }
      }
    ],
    "total_amount": 2349.65,
    "assigned_worker": 4,
    "created_at": {
      "$date": "2025-06-08T16:11:59.182Z"
    },
    "updated_at": {
      "$date": "2025-07-18T13:08:06.522Z"
    }
  },
  {
    "_id": {
      "$oid": "684707cfee1a259bd009534d"
    },
    "orderID": 4,
    "customerID": 1,
    "order_date": {
      "$date": "2025-06-09T10:11:59.182Z"
    },
    "shipping_address": "789 Retail St, Commerce City",
    "order_status": "pending",
    "priority": 3,
    "notes": "Low priority order",
    "items": [
      {
        "orderDetailID": 1,
        "itemID": 5,
        "quantity": 30,
        "price": 6.99,
        "fulfilled_quantity": 0,
        "created_at": {
          "$date": "2025-06-09T10:11:59.183Z"
        },
        "updated_at": {
          "$date": "2025-06-09T10:11:59.183Z"
        }
      },
      {
        "orderDetailID": 2,
        "itemID": 6,
        "quantity": 50,
        "price": 4.99,
        "fulfilled_quantity": 0,
        "created_at": {
          "$date": "2025-06-09T10:11:59.183Z"
        },
        "updated_at": {
          "$date": "2025-06-09T10:11:59.183Z"
        }
      }
    ],
    "total_amount": 459.2,
    "assigned_worker": 4,
    "created_at": {
      "$date": "2025-06-09T10:11:59.184Z"
    },
    "updated_at": {
      "$date": "2025-07-18T11:22:05.586Z"
    }
  }
]