[
  {
    "_id": {
      "$oid": "684707cfee1a259bd0095354"
    },
    "packingID": 1,
    "orderID": 1,
    "workerID": 4,
    "pack_date": {
      "$date": "2025-06-05T16:11:59.644Z"
    },
    "status": "completed",
    "is_partial": false,
    "package_type": "box",
    "items": [
      {
        "itemID": 1,
        "pickingID": 1,
        "orderDetailID": 1,
        "quantity": 5,
        "packed": true,
        "actual_quantity": 5,
        "pack_time": {
          "$date": "2025-06-05T16:11:59.644Z"
        },
        "notes": "Packed with protective material"
      },
      {
        "itemID": 7,
        "pickingID": 1,
        "orderDetailID": 2,
        "quantity": 3,
        "packed": true,
        "actual_quantity": 3,
        "pack_time": {
          "$date": "2025-06-05T16:11:59.644Z"
        },
        "notes": "Packed securely"
      }
    ],
    "notes": "Standard packing for order #1",
    "start_time": {
      "$date": "2025-06-05T16:11:59.645Z"
    },
    "complete_time": {
      "$date": "2025-06-05T16:11:59.645Z"
    },
    "weight": 8.5,
    "dimensions": "40x30x20",
    "label_printed": true,
    "created_at": {
      "$date": "2025-06-05T16:11:59.645Z"
    },
    "updated_at": {
      "$date": "2025-06-05T16:11:59.645Z"
    }
  },
  {
    "_id": {
      "$oid": "684707cfee1a259bd0095355"
    },
    "packingID": 2,
    "orderID": 2,
    "workerID": 4,
    "pack_date": {
      "$date": "2025-06-07T16:11:59.645Z"
    },
    "status": "completed",
    "is_partial": false,
    "package_type": "box",
    "items": [
      {
        "itemID": 2,
        "pickingID": 2,
        "orderDetailID": 1,
        "quantity": 2,
        "packed": true,
        "actual_quantity": 2,
        "pack_time": {
          "$date": "2025-06-07T16:11:59.646Z"
        },
        "notes": "High-value items packed with extra protection"
      },
      {
        "itemID": 3,
        "pickingID": 2,
        "orderDetailID": 2,
        "quantity": 10,
        "packed": true,
        "actual_quantity": 10,
        "pack_time": {
          "$date": "2025-06-07T16:11:59.646Z"
        },
        "notes": "Packed efficiently"
      }
    ],
    "notes": "High priority packing for order #2",
    "start_time": {
      "$date": "2025-06-07T16:11:59.646Z"
    },
    "complete_time": {
      "$date": "2025-06-07T16:11:59.646Z"
    },
    "weight": 12.8,
    "dimensions": "50x40x30",
    "label_printed": true,
    "created_at": {
      "$date": "2025-06-07T16:11:59.646Z"
    },
    "updated_at": {
      "$date": "2025-06-07T16:11:59.646Z"
    }
  }
]