[
  {
    "_id": {
      "$oid": "684707cfee1a259bd0095351"
    },
    "pickingID": 1,
    "orderID": 1,
    "workerID": 3,
    "pick_date": {
      "$date": "2025-06-05T16:11:59.500Z"
    },
    "status": "completed",
    "priority": 2,
    "items": [
      {
        "itemID": 1,
        "orderDetailID": 1,
        "locationID": 1,
        "quantity": 5,
        "picked": true,
        "actual_quantity": 5,
        "pick_time": {
          "$date": "2025-06-05T15:11:59.501Z"
        },
        "notes": "Picked from main storage"
      },
      {
        "itemID": 7,
        "orderDetailID": 2,
        "locationID": 7,
        "quantity": 3,
        "picked": true,
        "actual_quantity": 3,
        "pick_time": {
          "$date": "2025-06-05T15:11:59.501Z"
        },
        "notes": "Found all items"
      }
    ],
    "notes": "Standard picking for order #1",
    "start_time": {
      "$date": "2025-06-05T14:11:59.501Z"
    },
    "complete_time": {
      "$date": "2025-06-05T15:11:59.501Z"
    },
    "created_at": {
      "$date": "2025-06-05T13:11:59.502Z"
    },
    "updated_at": {
      "$date": "2025-06-05T15:11:59.502Z"
    }
  },
  {
    "_id": {
      "$oid": "684707cfee1a259bd0095352"
    },
    "pickingID": 2,
    "orderID": 2,
    "workerID": 3,
    "pick_date": {
      "$date": "2025-06-07T10:11:59.502Z"
    },
    "status": "completed",
    "priority": 1,
    "items": [
      {
        "itemID": 2,
        "orderDetailID": 1,
        "locationID": 2,
        "quantity": 2,
        "picked": true,
        "actual_quantity": 2,
        "pick_time": {
          "$date": "2025-06-07T11:11:59.502Z"
        },
        "notes": "High-value items picked carefully"
      },
      {
        "itemID": 3,
        "orderDetailID": 2,
        "locationID": 3,
        "quantity": 10,
        "picked": true,
        "actual_quantity": 10,
        "pick_time": {
          "$date": "2025-06-07T11:11:59.503Z"
        },
        "notes": "All items found in expected location"
      }
    ],
    "notes": "High priority picking for order #2",
    "start_time": {
      "$date": "2025-06-07T10:11:59.503Z"
    },
    "complete_time": {
      "$date": "2025-06-07T11:11:59.503Z"
    },
    "created_at": {
      "$date": "2025-06-07T09:11:59.503Z"
    },
    "updated_at": {
      "$date": "2025-06-07T11:11:59.503Z"
    }
  },
  {
    "_id": {
      "$oid": "684707cfee1a259bd0095353"
    },
    "pickingID": 3,
    "orderID": 3,
    "workerID": 3,
    "pick_date": {
      "$date": "2025-06-09T04:11:59.503Z"
    },
    "status": "in_progress",
    "priority": 2,
    "items": [
      {
        "itemID": 4,
        "orderDetailID": 1,
        "locationID": 4,
        "quantity": 20,
        "picked": false,
        "actual_quantity": null,
        "pick_time": null,
        "notes": null
      },
      {
        "itemID": 8,
        "orderDetailID": 2,
        "locationID": 8,
        "quantity": 15,
        "picked": false,
        "actual_quantity": null,
        "pick_time": null,
        "notes": null
      }
    ],
    "notes": "Bulk picking for order #3",
    "start_time": {
      "$date": "2025-06-09T04:11:59.503Z"
    },
    "complete_time": null,
    "created_at": {
      "$date": "2025-06-09T02:11:59.504Z"
    },
    "updated_at": {
      "$date": "2025-06-09T04:11:59.504Z"
    }
  }
]