[
  {
    "_id": {
      "$oid": "684707cfee1a259bd009534e"
    },
    "receivingID": 1,
    "supplierID": 1,
    "workerID": 2,
    "received_date": {
      "$date": "2025-06-02T16:11:59.321Z"
    },
    "status": "pending",
    "reference_number": "PO-123456",
    "items": [
      {
        "itemID": 1,
        "quantity": 50,
        "expected_quantity": 50,
        "condition": "good",
        "processed": true,
        "locationID": 1,
        "notes": "Received in good condition"
      },
      {
        "itemID": 7,
        "quantity": 30,
        "expected_quantity": 30,
        "condition": "good",
        "processed": true,
        "locationID": 7,
        "notes": "All items in sealed packaging"
      }
    ],
    "notes": "Regular shipment from Electronics Supplier",
    "created_at": {
      "$date": "2025-06-02T16:11:59.322Z"
    },
    "updated_at": {
      "$date": "2025-06-02T16:11:59.322Z"
    }
  },
  {
    "_id": {
      "$oid": "684707cfee1a259bd009534f"
    },
    "receivingID": 2,
    "supplierID": 2,
    "workerID": 2,
    "received_date": {
      "$date": "2025-06-03T16:11:59.322Z"
    },
    "status": "completed",
    "reference_number": "PO-123457",
    "items": [
      {
        "itemID": 3,
        "quantity": 100,
        "expected_quantity": 100,
        "condition": "good",
        "processed": true,
        "locationID": 3,
        "notes": "All items received as expected"
      }
    ],
    "notes": "Bulk clothing shipment",
    "created_at": {
      "$date": "2025-06-03T16:11:59.323Z"
    },
    "updated_at": {
      "$date": "2025-06-03T16:11:59.323Z"
    }
  },
  {
    "_id": {
      "$oid": "684707cfee1a259bd0095350"
    },
    "receivingID": 3,
    "supplierID": 3,
    "workerID": 2,
    "received_date": {
      "$date": "2025-06-08T16:11:59.324Z"
    },
    "status": "pending",
    "reference_number": "PO-123458",
    "items": [
      {
        "itemID": 5,
        "quantity": 50,
        "expected_quantity": 50,
        "condition": "good",
        "processed": true,
        "locationID": "B01.2",
        "notes": null,
        "actual_location": "B01.2",
        "processed_by": "picker",
        "processed_date": "2025-07-15T18:42:19.607339",
        "quantity_processed": 50
      },
      {
        "itemID": 6,
        "quantity": 75,
        "expected_quantity": 75,
        "condition": "good",
        "processed": false,
        "locationID": null,
        "notes": null
      }
    ],
    "notes": "Perishable goods shipment",
    "created_at": {
      "$date": "2025-06-08T16:11:59.324Z"
    },
    "updated_at": {
      "$date": "2025-06-08T16:11:59.324Z"
    }
  },
  {
    "_id": {
      "$oid": "68768e9a7b2415b00bc21303"
    },
    "receivingID": 4,
    "status": "processing",
    "supplierID": 1,
    "received_date": "2025-07-15T17:23:38.121118",
    "created_at": "2025-07-15T17:23:38.121140",
    "updated_at": "2025-07-15T17:23:38.121149",
    "received_by": "receiver",
    "items": [
      {
        "itemID": 1,
        "quantity": 10,
        "condition": "good",
        "processed": true,
        "notes": "Stock increased from 100 to 110",
        "created_by": "receiver",
        "created_at": "2025-07-15T17:23:38.121161",
        "predicted_location": "P01.1",
        "predicted_coordinates": {
          "x": 7,
          "y": 2,
          "floor": 1
        },
        "prediction_confidence": 0.5,
        "allocation_reason": "ML model predicted P Rack 1 with 0.50 confidence",
        "predicted_at": "2025-07-15T17:23:38.121170",
        "predicted_by": "receiver",
        "actual_location": "P01.1",
        "locationID": "P01.1",
        "processed_by": "picker",
        "processed_date": "2025-07-17T05:10:09.576437",
        "quantity_processed": 10
      }
    ]
  },
  {
    "_id": {
      "$oid": "68768ece7b2415b00bc2131a"
    },
    "receivingID": 5,
    "status": "processing",
    "supplierID": 1,
    "received_date": "2025-07-15T17:24:30.438349",
    "created_at": "2025-07-15T17:24:30.438380",
    "updated_at": "2025-07-15T17:24:30.438401",
    "received_by": "receiver",
    "items": [
      {
        "itemID": 2,
        "quantity": 5,
        "condition": "good",
        "processed": true,
        "notes": "Stock increased from 50 to 55",
        "created_by": "receiver",
        "created_at": "2025-07-15T17:24:30.438410",
        "predicted_location": "B01.1",
        "predicted_coordinates": {
          "x": 1,
          "y": 2,
          "floor": 1
        },
        "prediction_confidence": 0.5,
        "allocation_reason": "ML model predicted B Rack 1 with 0.50 confidence",
        "predicted_at": "2025-07-15T17:24:30.438417",
        "predicted_by": "receiver",
        "actual_location": "B01.1",
        "locationID": "B01.1",
        "processed_by": "picker",
        "processed_date": "2025-07-15T17:29:06.692969",
        "quantity_processed": 5
      }
    ]
  },
  {
    "_id": {
      "$oid": "68768f037b2415b00bc21331"
    },
    "receivingID": 6,
    "status": "processing",
    "supplierID": 1,
    "received_date": "2025-07-15T17:25:23.975617",
    "created_at": "2025-07-15T17:25:23.975634",
    "updated_at": "2025-07-15T17:25:23.975642",
    "received_by": "receiver",
    "items": [
      {
        "itemID": 3,
        "quantity": 5,
        "condition": "good",
        "processed": true,
        "notes": "Stock increased from 210 to 215",
        "created_by": "receiver",
        "created_at": "2025-07-15T17:25:23.975651",
        "predicted_location": "D01.1",
        "predicted_coordinates": {
          "x": 3,
          "y": 10,
          "floor": 1
        },
        "prediction_confidence": 0.5,
        "allocation_reason": "ML model predicted D Rack 1 with 0.50 confidence",
        "predicted_at": "2025-07-15T17:25:23.975661",
        "predicted_by": "receiver",
        "actual_location": "D01.1",
        "locationID": "D01.1",
        "processed_by": "picker",
        "processed_date": "2025-07-16T04:19:06.431613",
        "quantity_processed": 5
      }
    ]
  },
  {
    "_id": {
      "$oid": "68768f1c7b2415b00bc2133e"
    },
    "receivingID": 7,
    "status": "processing",
    "supplierID": 1,
    "received_date": "2025-07-15T17:25:48.429135",
    "created_at": "2025-07-15T17:25:48.429198",
    "updated_at": "2025-07-15T17:25:48.429210",
    "received_by": "receiver",
    "items": [
      {
        "itemID": 4,
        "quantity": 2,
        "condition": "good",
        "processed": true,
        "notes": "Stock increased from 152 to 154",
        "created_by": "receiver",
        "created_at": "2025-07-15T17:25:48.429222",
        "predicted_location": "B01.1",
        "predicted_coordinates": {
          "x": 1,
          "y": 2,
          "floor": 1
        },
        "prediction_confidence": 0.5,
        "allocation_reason": "ML model predicted B Rack 1 with 0.50 confidence",
        "predicted_at": "2025-07-15T17:25:48.429233",
        "predicted_by": "receiver",
        "actual_location": "B02.2",
        "locationID": "B02.2",
        "processed_by": "picker",
        "processed_date": "2025-07-16T04:02:27.369036",
        "quantity_processed": 2
      }
    ]
  },
  {
    "_id": {
      "$oid": "68768f4c7b2415b00bc21350"
    },
    "receivingID": 8,
    "status": "processing",
    "supplierID": 1,
    "received_date": "2025-07-15T17:26:36.798792",
    "created_at": "2025-07-15T17:26:36.798821",
    "updated_at": "2025-07-15T17:26:36.798831",
    "received_by": "receiver",
    "items": [
      {
        "itemID": 2,
        "quantity": 2,
        "condition": "good",
        "processed": true,
        "notes": "Stock increased from 55 to 57",
        "created_by": "receiver",
        "created_at": "2025-07-15T17:26:36.798841",
        "predicted_location": "B01.1",
        "predicted_coordinates": {
          "x": 1,
          "y": 2,
          "floor": 1
        },
        "prediction_confidence": 0.5,
        "allocation_reason": "ML model predicted B Rack 1 with 0.50 confidence",
        "predicted_at": "2025-07-15T17:26:36.798851",
        "predicted_by": "receiver",
        "actual_location": "B01.3",
        "locationID": "B01.3",
        "processed_by": "picker",
        "processed_date": "2025-07-15T18:43:26.328718",
        "quantity_processed": 2
      }
    ]
  },
  {
    "_id": {
      "$oid": "68768f707b2415b00bc2135d"
    },
    "receivingID": 9,
    "status": "processing",
    "supplierID": 1,
    "received_date": "2025-07-15T17:27:12.252911",
    "created_at": "2025-07-15T17:27:12.252936",
    "updated_at": "2025-07-15T17:27:12.252948",
    "received_by": "receiver",
    "items": [
      {
        "itemID": 2,
        "quantity": 6,
        "condition": "good",
        "processed": true,
        "notes": "Stock increased from 57 to 63",
        "created_by": "receiver",
        "created_at": "2025-07-15T17:27:12.252961",
        "predicted_location": "B01.1",
        "predicted_coordinates": {
          "x": 1,
          "y": 2,
          "floor": 1
        },
        "prediction_confidence": 0.5,
        "allocation_reason": "ML model predicted B Rack 1 with 0.50 confidence",
        "predicted_at": "2025-07-15T17:27:12.252972",
        "predicted_by": "receiver",
        "actual_location": "B01.4",
        "locationID": "B01.4",
        "processed_by": "picker",
        "processed_date": "2025-07-15T18:43:53.449277",
        "quantity_processed": 2
      }
    ]
  },
  {
    "_id": {
      "$oid": "68769d32e6ad6aa8e98c0242"
    },
    "receivingID": 10,
    "status": "processing",
    "supplierID": 1,
    "received_date": "2025-07-15T18:25:54.829493",
    "created_at": "2025-07-15T18:25:54.829531",
    "updated_at": "2025-07-15T18:25:54.829551",
    "received_by": "receiver",
    "items": [
      {
        "itemID": 2,
        "quantity": 2,
        "condition": "good",
        "processed": true,
        "notes": "Stock increased from 63 to 65",
        "created_by": "receiver",
        "created_at": "2025-07-15T18:25:54.829571",
        "item_name": "Laptop ABC",
        "category": "Electronics",
        "size": "M",
        "awaiting_location_prediction": true,
        "actual_location": "B02.1",
        "locationID": "B02.1",
        "processed_by": "picker",
        "processed_date": "2025-07-15T18:44:20.062574",
        "quantity_processed": 2
      }
    ]
  },
  {
    "_id": {
      "$oid": "68772a5241d5af7e34a1e2da"
    },
    "receivingID": 11,
    "status": "processing",
    "supplierID": 1,
    "received_date": "2025-07-16T04:28:02.317477",
    "created_at": "2025-07-16T04:28:02.317523",
    "updated_at": "2025-07-16T04:28:02.317544",
    "received_by": "receiver",
    "items": [
      {
        "itemID": 2,
        "quantity": 30,
        "condition": "good",
        "processed": true,
        "notes": "Stock increased from 65 to 95",
        "created_by": "receiver",
        "created_at": "2025-07-16T04:28:02.317567",
        "item_name": "Laptop ABC",
        "category": "Electronics",
        "size": "M",
        "awaiting_location_prediction": true,
        "actual_location": "B01.1",
        "locationID": "B01.1",
        "processed_by": "picker",
        "processed_date": "2025-07-17T05:09:18.697460",
        "quantity_processed": 30
      }
    ]
  },
  {
    "_id": {
      "$oid": "6878842fa169ca12a1219964"
    },
    "receivingID": 12,
    "status": "processing",
    "supplierID": 1,
    "received_date": "2025-07-17T05:03:43.783430",
    "created_at": "2025-07-17T05:03:43.783456",
    "updated_at": "2025-07-17T05:03:43.783470",
    "received_by": "receiver",
    "items": [
      {
        "itemID": 7,
        "quantity": 50,
        "condition": "good",
        "processed": false,
        "notes": "Stock increased from 95 to 145",
        "created_by": "receiver",
        "created_at": "2025-07-17T05:03:43.783485",
        "item_name": "Wireless Headphones",
        "category": "Electronics",
        "size": "S",
        "awaiting_location_prediction": true
      }
    ]
  },
  {
    "_id": {
      "$oid": "68791befadbd4b54c2e79b55"
    },
    "receivingID": 13,
    "status": "processing",
    "supplierID": 1,
    "received_date": "2025-07-17T15:51:11.313593",
    "created_at": "2025-07-17T15:51:11.313659",
    "updated_at": "2025-07-17T15:51:11.313693",
    "received_by": "manager",
    "items": [
      {
        "itemID": 1,
        "quantity": 100,
        "condition": "good",
        "processed": false,
        "notes": "Stock increased from 110 to 210",
        "created_by": "manager",
        "created_at": "2025-07-17T15:51:11.313730",
        "item_name": "Smartphone XYZ",
        "category": "Electronics",
        "size": "S",
        "awaiting_location_prediction": true
      }
    ]
  },
  {
    "_id": {
      "$oid": "68791c0dadbd4b54c2e79b6b"
    },
    "receivingID": 14,
    "status": "processing",
    "supplierID": 1,
    "received_date": "2025-07-17T15:51:41.749782",
    "created_at": "2025-07-17T15:51:41.749866",
    "updated_at": "2025-07-17T15:51:41.749912",
    "received_by": "manager",
    "items": [
      {
        "itemID": 2,
        "quantity": 20,
        "condition": "good",
        "processed": false,
        "notes": "Stock increased from 95 to 115",
        "created_by": "manager",
        "created_at": "2025-07-17T15:51:41.749960",
        "item_name": "Laptop ABC",
        "category": "Electronics",
        "size": "M",
        "awaiting_location_prediction": true
      }
    ]
  },
  {
    "_id": {
      "$oid": "68791c38adbd4b54c2e79b81"
    },
    "receivingID": 15,
    "status": "processing",
    "supplierID": 1,
    "received_date": "2025-07-17T15:52:24.934472",
    "created_at": "2025-07-17T15:52:24.934504",
    "updated_at": "2025-07-17T15:52:24.934521",
    "received_by": "manager",
    "items": [
      {
        "itemID": 3,
        "quantity": 50,
        "condition": "good",
        "processed": true,
        "notes": "Stock increased from 215 to 265",
        "created_by": "manager",
        "created_at": "2025-07-17T15:52:24.934538",
        "item_name": "T-shirt Large",
        "category": "Clothing",
        "size": "L",
        "awaiting_location_prediction": true,
        "actual_location": "D01.1",
        "locationID": "D01.1",
        "processed_by": "picker",
        "processed_date": "2025-07-17T15:57:01.474404",
        "quantity_processed": 50
      }
    ]
  },
  {
    "_id": {
      "$oid": "68792915adbd4b54c2e7a00a"
    },
    "receivingID": 16,
    "status": "processing",
    "supplierID": 1,
    "received_date": "2025-07-17T16:47:17.088223",
    "created_at": "2025-07-17T16:47:17.088295",
    "updated_at": "2025-07-17T16:47:17.088336",
    "received_by": "receiver",
    "items": [
      {
        "itemID": 4,
        "quantity": 20,
        "condition": "good",
        "processed": false,
        "notes": "Stock increased from 154 to 174",
        "created_by": "receiver",
        "created_at": "2025-07-17T16:47:17.088379",
        "item_name": "Jeans Medium",
        "category": "Clothing",
        "size": "M",
        "awaiting_location_prediction": true
      }
    ]
  }
]