[
  {
    "_id": {
      "$oid": "684707cfee1a259bd0095358"
    },
    "returnID": 1,
    "orderID": 1,
    "customerID": 1,
    "workerID": 2,
    "return_date": {
      "$date": "2025-06-09T04:11:59.903Z"
    },
    "status": "completed",
    "return_method": "customer_drop_off",
    "items": [
      {
        "itemID": 1,
        "orderDetailID": 1,
        "quantity": 1,
        "reason": "Defective",
        "condition": "damaged",
        "processed": true,
        "resellable": false,
        "locationID": null,
        "notes": "Screen cracked"
      }
    ],
    "notes": "Customer reported defective item",
    "refund_amount": 499.99,
    "refund_status": "processed",
    "refund_date": {
      "$date": "2025-06-09T06:11:59.903Z"
    },
    "created_at": {
      "$date": "2025-06-09T04:11:59.903Z"
    },
    "updated_at": {
      "$date": "2025-06-09T06:11:59.903Z"
    }
  },
  {
    "_id": {
      "$oid": "687924f3adbd4b54c2e79f1b"
    },
    "orderID": 1,
    "customerID": 1,
    "workerID": 2,
    "return_date": {
      "$date": "2025-07-17T16:29:34.655Z"
    },
    "status": "pending",
    "return_method": "customer_drop_off",
    "items": [
      {
        "itemID": 2,
        "orderDetailID": 1,
        "quantity": 1,
        "reason": "Damaged in shipping",
        "condition": "damaged",
        "processed": false,
        "resellable": false,
        "locationID": null
      }
    ],
    "returnID": 2,
    "created_at": {
      "$date": "2025-07-17T16:29:34.655Z"
    },
    "updated_at": {
      "$date": "2025-07-17T16:29:34.655Z"
    }
  },
  {
    "_id": {
      "$oid": "68792591adbd4b54c2e79f47"
    },
    "orderID": 1,
    "customerID": 1,
    "workerID": 2,
    "return_date": {
      "$date": "2025-07-17T16:32:12.157Z"
    },
    "status": "pending",
    "return_method": "customer_drop_off",
    "items": [
      {
        "itemID": 2,
        "orderDetailID": 1,
        "quantity": 1,
        "reason": "Wrong item",
        "condition": "new",
        "processed": false,
        "resellable": false,
        "locationID": null
      }
    ],
    "returnID": 3,
    "created_at": {
      "$date": "2025-07-17T16:32:12.157Z"
    },
    "updated_at": {
      "$date": "2025-07-17T16:32:12.157Z"
    }
  }
]