[
  {
    "_id": {
      "$oid": "6874cfc1f09cd1852451fa99"
    },
    "itemID": 1,
    "season": "Winter",
    "seasonal_score": 0.85,
    "category": "Electronics",
    "created_at": "2025-07-14T09:37:05.297036",
    "updated_at": "2025-07-14T09:37:05.297124"
  },
  {
    "_id": {
      "$oid": "6874cfc1f09cd1852451fa9a"
    },
    "itemID": 1,
    "season": "Spring",
    "seasonal_score": 0.6,
    "category": "Electronics",
    "created_at": "2025-07-14T09:37:05.297148",
    "updated_at": "2025-07-14T09:37:05.297151"
  },
  {
    "_id": {
      "$oid": "6874cfc1f09cd1852451fa9b"
    },
    "itemID": 1,
    "season": "Summer",
    "seasonal_score": 0.58,
    "category": "Electronics",
    "created_at": "2025-07-14T09:37:05.297155",
    "updated_at": "2025-07-14T09:37:05.297157"
  },
  {
    "_id": {
      "$oid": "6874cfc1f09cd1852451fa9c"
    },
    "itemID": 1,
    "season": "Fall",
    "seasonal_score": 0.69,
    "category": "Electronics",
    "created_at": "2025-07-14T09:37:05.297160",
    "updated_at": "2025-07-14T09:37:05.297161"
  },
  {
    "_id": {
      "$oid": "6874cfc1f09cd1852451fa9d"
    },
    "itemID": 2,
    "season": "Winter",
    "seasonal_score": 0.88,
    "category": "Electronics",
    "created_at": "2025-07-14T09:37:05.297166",
    "updated_at": "2025-07-14T09:37:05.297167"
  },
  {
    "_id": {
      "$oid": "6874cfc1f09cd1852451fa9e"
    },
    "itemID": 2,
    "season": "Spring",
    "seasonal_score": 0.59,
    "category": "Electronics",
    "created_at": "2025-07-14T09:37:05.297170",
    "updated_at": "2025-07-14T09:37:05.297172"
  },
  {
    "_id": {
      "$oid": "6874cfc1f09cd1852451fa9f"
    },
    "itemID": 2,
    "season": "Summer",
    "seasonal_score": 0.57,
    "category": "Electronics",
    "created_at": "2025-07-14T09:37:05.297175",
    "updated_at": "2025-07-14T09:37:05.297176"
  },
  {
    "_id": {
      "$oid": "6874cfc1f09cd1852451faa0"
    },
    "itemID": 2,
    "season": "Fall",
    "seasonal_score": 0.66,
    "category": "Electronics",
    "created_at": "2025-07-14T09:37:05.297180",
    "updated_at": "2025-07-14T09:37:05.297182"
  },
  {
    "_id": {
      "$oid": "6874cfc1f09cd1852451faa1"
    },
    "itemID": 3,
    "season": "Winter",
    "seasonal_score": 0.87,
    "category": "Clothing",
    "created_at": "2025-07-14T09:37:05.297186",
    "updated_at": "2025-07-14T09:37:05.297189"
  },
  {
    "_id": {
      "$oid": "6874cfc1f09cd1852451faa2"
    },
    "itemID": 3,
    "season": "Spring",
    "seasonal_score": 0.6,
    "category": "Clothing",
    "created_at": "2025-07-14T09:37:05.297194",
    "updated_at": "2025-07-14T09:37:05.297196"
  },
  {
    "_id": {
      "$oid": "6874cfc1f09cd1852451faa3"
    },
    "itemID": 3,
    "season": "Summer",
    "seasonal_score": 0.52,
    "category": "Clothing",
    "created_at": "2025-07-14T09:37:05.297202",
    "updated_at": "2025-07-14T09:37:05.297204"
  },
  {
    "_id": {
      "$oid": "6874cfc1f09cd1852451faa4"
    },
    "itemID": 3,
    "season": "Fall",
    "seasonal_score": 0.79,
    "category": "Clothing",
    "created_at": "2025-07-14T09:37:05.297210",
    "updated_at": "2025-07-14T09:37:05.297213"
  },
  {
    "_id": {
      "$oid": "6874cfc1f09cd1852451faa5"
    },
    "itemID": 4,
    "season": "Winter",
    "seasonal_score": 0.95,
    "category": "Clothing",
    "created_at": "2025-07-14T09:37:05.297219",
    "updated_at": "2025-07-14T09:37:05.297222"
  },
  {
    "_id": {
      "$oid": "6874cfc1f09cd1852451faa6"
    },
    "itemID": 4,
    "season": "Spring",
    "seasonal_score": 0.79,
    "category": "Clothing",
    "created_at": "2025-07-14T09:37:05.297227",
    "updated_at": "2025-07-14T09:37:05.297229"
  },
  {
    "_id": {
      "$oid": "6874cfc1f09cd1852451faa7"
    },
    "itemID": 4,
    "season": "Summer",
    "seasonal_score": 0.51,
    "category": "Clothing",
    "created_at": "2025-07-14T09:37:05.297237",
    "updated_at": "2025-07-14T09:37:05.297239"
  },
  {
    "_id": {
      "$oid": "6874cfc1f09cd1852451faa8"
    },
    "itemID": 4,
    "season": "Fall",
    "seasonal_score": 0.73,
    "category": "Clothing",
    "created_at": "2025-07-14T09:37:05.297241",
    "updated_at": "2025-07-14T09:37:05.297243"
  },
  {
    "_id": {
      "$oid": "6874cfc1f09cd1852451faa9"
    },
    "itemID": 5,
    "season": "Winter",
    "seasonal_score": 0.71,
    "category": "Food",
    "created_at": "2025-07-14T09:37:05.297246",
    "updated_at": "2025-07-14T09:37:05.297247"
  },
  {
    "_id": {
      "$oid": "6874cfc1f09cd1852451faaa"
    },
    "itemID": 5,
    "season": "Spring",
    "seasonal_score": 0.57,
    "category": "Food",
    "created_at": "2025-07-14T09:37:05.297251",
    "updated_at": "2025-07-14T09:37:05.297252"
  },
  {
    "_id": {
      "$oid": "6874cfc1f09cd1852451faab"
    },
    "itemID": 5,
    "season": "Summer",
    "seasonal_score": 0.83,
    "category": "Food",
    "created_at": "2025-07-14T09:37:05.297255",
    "updated_at": "2025-07-14T09:37:05.297257"
  },
  {
    "_id": {
      "$oid": "6874cfc1f09cd1852451faac"
    },
    "itemID": 5,
    "season": "Fall",
    "seasonal_score": 0.63,
    "category": "Food",
    "created_at": "2025-07-14T09:37:05.297259",
    "updated_at": "2025-07-14T09:37:05.297261"
  },
  {
    "_id": {
      "$oid": "6874cfc1f09cd1852451faad"
    },
    "itemID": 6,
    "season": "Winter",
    "seasonal_score": 0.73,
    "category": "Food",
    "created_at": "2025-07-14T09:37:05.297263",
    "updated_at": "2025-07-14T09:37:05.297265"
  },
  {
    "_id": {
      "$oid": "6874cfc1f09cd1852451faae"
    },
    "itemID": 6,
    "season": "Spring",
    "seasonal_score": 0.55,
    "category": "Food",
    "created_at": "2025-07-14T09:37:05.297267",
    "updated_at": "2025-07-14T09:37:05.297269"
  },
  {
    "_id": {
      "$oid": "6874cfc1f09cd1852451faaf"
    },
    "itemID": 6,
    "season": "Summer",
    "seasonal_score": 0.88,
    "category": "Food",
    "created_at": "2025-07-14T09:37:05.297271",
    "updated_at": "2025-07-14T09:37:05.297273"
  },
  {
    "_id": {
      "$oid": "6874cfc1f09cd1852451fab0"
    },
    "itemID": 6,
    "season": "Fall",
    "seasonal_score": 0.68,
    "category": "Food",
    "created_at": "2025-07-14T09:37:05.297275",
    "updated_at": "2025-07-14T09:37:05.297277"
  },
  {
    "_id": {
      "$oid": "6874cfc1f09cd1852451fab1"
    },
    "itemID": 7,
    "season": "Winter",
    "seasonal_score": 0.85,
    "category": "Electronics",
    "created_at": "2025-07-14T09:37:05.297280",
    "updated_at": "2025-07-14T09:37:05.297281"
  },
  {
    "_id": {
      "$oid": "6874cfc1f09cd1852451fab2"
    },
    "itemID": 7,
    "season": "Spring",
    "seasonal_score": 0.6,
    "category": "Electronics",
    "created_at": "2025-07-14T09:37:05.297285",
    "updated_at": "2025-07-14T09:37:05.297286"
  },
  {
    "_id": {
      "$oid": "6874cfc1f09cd1852451fab3"
    },
    "itemID": 7,
    "season": "Summer",
    "seasonal_score": 0.57,
    "category": "Electronics",
    "created_at": "2025-07-14T09:37:05.297290",
    "updated_at": "2025-07-14T09:37:05.297291"
  },
  {
    "_id": {
      "$oid": "6874cfc1f09cd1852451fab4"
    },
    "itemID": 7,
    "season": "Fall",
    "seasonal_score": 0.71,
    "category": "Electronics",
    "created_at": "2025-07-14T09:37:05.297294",
    "updated_at": "2025-07-14T09:37:05.297296"
  }
]