[
  {
    "_id": {
      "$oid": "684707cfee1a259bd0095356"
    },
    "shippingID": 1,
    "orderID": 1,
    "workerID": 5,
    "ship_date": {
      "$date": "2025-06-06T16:11:59.774Z"
    },
    "status": "delivered",
    "shipping_method": "standard",
    "tracking_number": "TRACK-1234567890",
    "estimated_delivery": {
      "$date": "2025-06-08T16:11:59.774Z"
    },
    "packingIDs": [
      1
    ],
    "vehicleID": 1,
    "departure_time": {
      "$date": "2025-06-06T16:11:59.774Z"
    },
    "actual_delivery": {
      "$date": "2025-06-08T16:11:59.775Z"
    },
    "notes": "Delivered on time",
    "delivery_proof": "Signature: J. Smith",
    "delivery_address": "789 Retail St, Commerce City",
    "recipient_name": "John Smith",
    "recipient_phone": "+1987654321",
    "created_at": {
      "$date": "2025-06-06T16:11:59.775Z"
    },
    "updated_at": {
      "$date": "2025-06-08T16:11:59.775Z"
    }
  },
  {
    "_id": {
      "$oid": "684707cfee1a259bd0095357"
    },
    "shippingID": 2,
    "orderID": 2,
    "workerID": 5,
    "ship_date": {
      "$date": "2025-06-08T16:11:59.775Z"
    },
    "status": "in_transit",
    "shipping_method": "express",
    "tracking_number": "TRACK-0987654321",
    "estimated_delivery": {
      "$date": "2025-06-10T16:11:59.776Z"
    },
    "packingIDs": [
      2
    ],
    "vehicleID": 2,
    "departure_time": {
      "$date": "2025-06-08T16:11:59.776Z"
    },
    "actual_delivery": null,
    "notes": "High priority shipment",
    "delivery_proof": null,
    "delivery_address": "101 E-commerce Ave, Digital Town",
    "recipient_name": "Sarah Johnson",
    "recipient_phone": "+1987654322",
    "created_at": {
      "$date": "2025-06-08T16:11:59.776Z"
    },
    "updated_at": {
      "$date": "2025-06-08T16:11:59.776Z"
    }
  }
]