[
  {
    "_id": {
      "$oid": "684707ceee1a259bd009532f"
    },
    "itemID": 1,
    "previous_level": 0,
    "new_level": 16,
    "change": 16,
    "reason": "Initial stock",
    "timestamp": {
      "$date": "2025-06-09T16:11:58.912Z"
    }
  },
  {
    "_id": {
      "$oid": "684707ceee1a259bd0095330"
    },
    "itemID": 1,
    "previous_level": 11,
    "new_level": 22,
    "change": 11,
    "reason": "Initial stock",
    "timestamp": {
      "$date": "2025-06-08T16:11:58.912Z"
    }
  },
  {
    "_id": {
      "$oid": "684707ceee1a259bd0095331"
    },
    "itemID": 1,
    "previous_level": 22,
    "new_level": 33,
    "change": 11,
    "reason": "Restock",
    "timestamp": {
      "$date": "2025-06-07T16:11:58.912Z"
    }
  },
  {
    "_id": {
      "$oid": "684707ceee1a259bd0095332"
    },
    "itemID": 2,
    "previous_level": 0,
    "new_level": 7,
    "change": 7,
    "reason": "Restock",
    "timestamp": {
      "$date": "2025-06-09T16:11:58.912Z"
    }
  },
  {
    "_id": {
      "$oid": "684707ceee1a259bd0095333"
    },
    "itemID": 2,
    "previous_level": 20,
    "new_level": 40,
    "change": 20,
    "reason": "Initial stock",
    "timestamp": {
      "$date": "2025-06-08T16:11:58.912Z"
    }
  },
  {
    "_id": {
      "$oid": "684707ceee1a259bd0095334"
    },
    "itemID": 2,
    "previous_level": 36,
    "new_level": 54,
    "change": 18,
    "reason": "Restock",
    "timestamp": {
      "$date": "2025-06-07T16:11:58.912Z"
    }
  },
  {
    "_id": {
      "$oid": "684707ceee1a259bd0095335"
    },
    "itemID": 3,
    "previous_level": 0,
    "new_level": 5,
    "change": 5,
    "reason": "Initial stock",
    "timestamp": {
      "$date": "2025-06-09T16:11:58.912Z"
    }
  },
  {
    "_id": {
      "$oid": "684707ceee1a259bd0095336"
    },
    "itemID": 3,
    "previous_level": 15,
    "new_level": 30,
    "change": 15,
    "reason": "Initial stock",
    "timestamp": {
      "$date": "2025-06-08T16:11:58.912Z"
    }
  },
  {
    "_id": {
      "$oid": "684707ceee1a259bd0095337"
    },
    "itemID": 3,
    "previous_level": 16,
    "new_level": 24,
    "change": 8,
    "reason": "Inventory correction",
    "timestamp": {
      "$date": "2025-06-07T16:11:58.912Z"
    }
  },
  {
    "_id": {
      "$oid": "684707ceee1a259bd0095338"
    },
    "itemID": 4,
    "previous_level": 0,
    "new_level": 10,
    "change": 10,
    "reason": "Initial stock",
    "timestamp": {
      "$date": "2025-06-09T16:11:58.912Z"
    }
  },
  {
    "_id": {
      "$oid": "684707ceee1a259bd0095339"
    },
    "itemID": 4,
    "previous_level": 6,
    "new_level": 12,
    "change": 6,
    "reason": "Initial stock",
    "timestamp": {
      "$date": "2025-06-08T16:11:58.912Z"
    }
  },
  {
    "_id": {
      "$oid": "684707ceee1a259bd009533a"
    },
    "itemID": 4,
    "previous_level": 34,
    "new_level": 51,
    "change": 17,
    "reason": "Initial stock",
    "timestamp": {
      "$date": "2025-06-07T16:11:58.912Z"
    }
  },
  {
    "_id": {
      "$oid": "684707ceee1a259bd009533b"
    },
    "itemID": 5,
    "previous_level": 0,
    "new_level": 5,
    "change": 5,
    "reason": "Restock",
    "timestamp": {
      "$date": "2025-06-09T16:11:58.912Z"
    }
  },
  {
    "_id": {
      "$oid": "684707ceee1a259bd009533c"
    },
    "itemID": 5,
    "previous_level": 16,
    "new_level": 32,
    "change": 16,
    "reason": "Restock",
    "timestamp": {
      "$date": "2025-06-08T16:11:58.912Z"
    }
  },
  {
    "_id": {
      "$oid": "684707ceee1a259bd009533d"
    },
    "itemID": 5,
    "previous_level": 22,
    "new_level": 33,
    "change": 11,
    "reason": "Restock",
    "timestamp": {
      "$date": "2025-06-07T16:11:58.912Z"
    }
  },
  {
    "_id": {
      "$oid": "684707ceee1a259bd009533e"
    },
    "itemID": 6,
    "previous_level": 0,
    "new_level": 20,
    "change": 20,
    "reason": "Initial stock",
    "timestamp": {
      "$date": "2025-06-09T16:11:58.912Z"
    }
  },
  {
    "_id": {
      "$oid": "684707ceee1a259bd009533f"
    },
    "itemID": 6,
    "previous_level": 10,
    "new_level": 20,
    "change": 10,
    "reason": "Inventory correction",
    "timestamp": {
      "$date": "2025-06-08T16:11:58.912Z"
    }
  },
  {
    "_id": {
      "$oid": "684707ceee1a259bd0095340"
    },
    "itemID": 6,
    "previous_level": 36,
    "new_level": 54,
    "change": 18,
    "reason": "Inventory correction",
    "timestamp": {
      "$date": "2025-06-07T16:11:58.912Z"
    }
  },
  {
    "_id": {
      "$oid": "684707ceee1a259bd0095341"
    },
    "itemID": 7,
    "previous_level": 0,
    "new_level": 11,
    "change": 11,
    "reason": "Inventory correction",
    "timestamp": {
      "$date": "2025-06-09T16:11:58.912Z"
    }
  },
  {
    "_id": {
      "$oid": "684707ceee1a259bd0095342"
    },
    "itemID": 7,
    "previous_level": 18,
    "new_level": 36,
    "change": 18,
    "reason": "Initial stock",
    "timestamp": {
      "$date": "2025-06-08T16:11:58.912Z"
    }
  },
  {
    "_id": {
      "$oid": "684707ceee1a259bd0095343"
    },
    "itemID": 7,
    "previous_level": 30,
    "new_level": 45,
    "change": 15,
    "reason": "Inventory correction",
    "timestamp": {
      "$date": "2025-06-07T16:11:58.912Z"
    }
  },
  {
    "_id": {
      "$oid": "684707ceee1a259bd0095344"
    },
    "itemID": 8,
    "previous_level": 0,
    "new_level": 8,
    "change": 8,
    "reason": "Restock",
    "timestamp": {
      "$date": "2025-06-09T16:11:58.912Z"
    }
  },
  {
    "_id": {
      "$oid": "684707ceee1a259bd0095345"
    },
    "itemID": 8,
    "previous_level": 18,
    "new_level": 36,
    "change": 18,
    "reason": "Restock",
    "timestamp": {
      "$date": "2025-06-08T16:11:58.912Z"
    }
  },
  {
    "_id": {
      "$oid": "684707ceee1a259bd0095346"
    },
    "itemID": 8,
    "previous_level": 14,
    "new_level": 21,
    "change": 7,
    "reason": "Inventory correction",
    "timestamp": {
      "$date": "2025-06-07T16:11:58.912Z"
    }
  },
  {
    "_id": {
      "$oid": "686c12249d91fdbfc5d58b74"
    },
    "itemID": 3,
    "previous_level": 200,
    "new_level": 215,
    "change": 15,
    "reason": "Performance test",
    "timestamp": {
      "$date": "2025-07-07T18:29:56.165Z"
    }
  },
  {
    "_id": {
      "$oid": "686c12249d91fdbfc5d58b72"
    },
    "itemID": 1,
    "previous_level": 100,
    "new_level": 110,
    "change": 10,
    "reason": "Performance test",
    "timestamp": {
      "$date": "2025-07-07T18:29:56.165Z"
    }
  },
  {
    "_id": {
      "$oid": "686c12249d91fdbfc5d58b73"
    },
    "itemID": 2,
    "previous_level": 50,
    "new_level": 45,
    "change": -5,
    "reason": "Performance test",
    "timestamp": {
      "$date": "2025-07-07T18:29:56.165Z"
    }
  },
  {
    "_id": {
      "$oid": "686c144625a91775088ba9a0"
    },
    "itemID": 1,
    "previous_level": 100,
    "new_level": 110,
    "change": 10,
    "reason": "Performance test",
    "timestamp": {
      "$date": "2025-07-07T18:39:02.777Z"
    }
  },
  {
    "_id": {
      "$oid": "686c144625a91775088ba9a2"
    },
    "itemID": 3,
    "previous_level": 200,
    "new_level": 215,
    "change": 15,
    "reason": "Performance test",
    "timestamp": {
      "$date": "2025-07-07T18:39:02.777Z"
    }
  },
  {
    "_id": {
      "$oid": "686c144625a91775088ba9a1"
    },
    "itemID": 2,
    "previous_level": 50,
    "new_level": 45,
    "change": -5,
    "reason": "Performance test",
    "timestamp": {
      "$date": "2025-07-07T18:39:02.777Z"
    }
  },
  {
    "_id": {
      "$oid": "686c92eb44e88e5583e89657"
    },
    "itemID": 3,
    "previous_level": 200,
    "new_level": 215,
    "change": 15,
    "reason": "Performance test",
    "timestamp": {
      "$date": "2025-07-08T03:39:23.791Z"
    }
  },
  {
    "_id": {
      "$oid": "686c92eb44e88e5583e89656"
    },
    "itemID": 2,
    "previous_level": 50,
    "new_level": 45,
    "change": -5,
    "reason": "Performance test",
    "timestamp": {
      "$date": "2025-07-08T03:39:23.791Z"
    }
  },
  {
    "_id": {
      "$oid": "686c92eb44e88e5583e89655"
    },
    "itemID": 1,
    "previous_level": 100,
    "new_level": 110,
    "change": 10,
    "reason": "Performance test",
    "timestamp": {
      "$date": "2025-07-08T03:39:23.791Z"
    }
  },
  {
    "_id": {
      "$oid": "686c930b54157efe40a4138f"
    },
    "itemID": 1,
    "previous_level": 100,
    "new_level": 110,
    "change": 10,
    "reason": "Performance test",
    "timestamp": {
      "$date": "2025-07-08T03:39:55.893Z"
    }
  },
  {
    "_id": {
      "$oid": "686c930b54157efe40a41391"
    },
    "itemID": 3,
    "previous_level": 200,
    "new_level": 215,
    "change": 15,
    "reason": "Performance test",
    "timestamp": {
      "$date": "2025-07-08T03:39:55.893Z"
    }
  },
  {
    "_id": {
      "$oid": "686c930b54157efe40a41390"
    },
    "itemID": 2,
    "previous_level": 50,
    "new_level": 45,
    "change": -5,
    "reason": "Performance test",
    "timestamp": {
      "$date": "2025-07-08T03:39:55.893Z"
    }
  },
  {
    "_id": {
      "$oid": "686c938b551fd79842ec479f"
    },
    "itemID": 1,
    "previous_level": 100,
    "new_level": 110,
    "change": 10,
    "reason": "Performance test",
    "timestamp": {
      "$date": "2025-07-08T03:42:03.161Z"
    }
  },
  {
    "_id": {
      "$oid": "686c938b551fd79842ec47a0"
    },
    "itemID": 2,
    "previous_level": 50,
    "new_level": 45,
    "change": -5,
    "reason": "Performance test",
    "timestamp": {
      "$date": "2025-07-08T03:42:03.161Z"
    }
  },
  {
    "_id": {
      "$oid": "686c938b551fd79842ec47a1"
    },
    "itemID": 3,
    "previous_level": 200,
    "new_level": 215,
    "change": 15,
    "reason": "Performance test",
    "timestamp": {
      "$date": "2025-07-08T03:42:03.161Z"
    }
  },
  {
    "_id": {
      "$oid": "686c94f64127f677ef19487b"
    },
    "itemID": 3,
    "previous_level": 200,
    "new_level": 215,
    "change": 15,
    "reason": "Performance test",
    "timestamp": {
      "$date": "2025-07-08T03:48:06.301Z"
    }
  },
  {
    "_id": {
      "$oid": "686c94f64127f677ef19487a"
    },
    "itemID": 2,
    "previous_level": 50,
    "new_level": 45,
    "change": -5,
    "reason": "Performance test",
    "timestamp": {
      "$date": "2025-07-08T03:48:06.301Z"
    }
  },
  {
    "_id": {
      "$oid": "686c94f64127f677ef194879"
    },
    "itemID": 1,
    "previous_level": 100,
    "new_level": 110,
    "change": 10,
    "reason": "Performance test",
    "timestamp": {
      "$date": "2025-07-08T03:48:06.301Z"
    }
  }
]