[
  {
    "_id": {
      "$oid": "6872476d25796e674ae8957d"
    },
    "itemID": 5,
    "itemName": "Item 5",
    "quantity": 30,
    "locationID": "D-3-F1",
    "locationCoordinates": {
      "x": 0,
      "y": 0,
      "floor": 1
    },
    "storedBy": "picker",
    "storedAt": {
      "$date": "2025-07-12T11:30:53.641Z"
    },
    "category": "General",
    "action": "collected"
  },
  {
    "_id": {
      "$oid": "687247af25796e674ae8958a"
    },
    "itemID": 5,
    "itemName": "Item 5",
    "quantity": 30,
    "locationID": "D-3-F1",
    "locationCoordinates": {
      "x": 0,
      "y": 0,
      "floor": 1
    },
    "storedBy": "picker",
    "storedAt": {
      "$date": "2025-07-12T11:31:59.261Z"
    },
    "category": "General",
    "action": "collected"
  },
  {
    "_id": {
      "$oid": "6872485a25796e674ae895a6"
    },
    "itemID": 6,
    "itemName": "Item 6",
    "quantity": 50,
    "locationID": "P1-31-F1",
    "locationCoordinates": {
      "x": 0,
      "y": 0,
      "floor": 1
    },
    "storedBy": "picker",
    "storedAt": {
      "$date": "2025-07-12T11:34:50.263Z"
    },
    "category": "General",
    "action": "collected"
  },
  {
    "_id": {
      "$oid": "6872540ceb26079f3a28f620"
    },
    "itemID": 4,
    "itemName": "Item 4",
    "quantity": 20,
    "locationID": "B2-21-F1",
    "locationCoordinates": {
      "x": 0,
      "y": 0,
      "floor": 1
    },
    "storedBy": "picker",
    "storedAt": {
      "$date": "2025-07-12T12:24:44.811Z"
    },
    "category": "General",
    "action": "collected"
  },
  {
    "_id": {
      "$oid": "6872544aeb26079f3a28f62c"
    },
    "itemID": 8,
    "itemName": "Item 8",
    "quantity": 15,
    "locationID": "D-5-F1",
    "locationCoordinates": {
      "x": 0,
      "y": 0,
      "floor": 1
    },
    "storedBy": "picker",
    "storedAt": {
      "$date": "2025-07-12T12:25:46.996Z"
    },
    "category": "General",
    "action": "collected"
  },
  {
    "_id": {
      "$oid": "68768fda7b2415b00bc2137d"
    },
    "itemID": 2,
    "itemName": "Laptop ABC",
    "quantity": 5,
    "locationID": "B01.1",
    "locationCoordinates": {
      "x": 1,
      "y": 2,
      "floor": 1
    },
    "storedBy": "picker",
    "storedAt": {
      "$date": "2025-07-15T17:28:58.893Z"
    },
    "action": "stored",
    "category": "M",
    "condition": "good",
    "receivingID": 5
  },
  {
    "_id": {
      "$oid": "68768fe37b2415b00bc21382"
    },
    "locationID": "B01.1",
    "action": "stored",
    "itemID": 2,
    "item_name": "Laptop ABC",
    "quantity": 5,
    "category": "General",
    "stored_by": "picker",
    "stored_at": "2025-07-15T17:29:07.079051",
    "receiving_id": 5,
    "predicted_location": "B01.1",
    "location_match": true,
    "coordinates": {
      "x": 0,
      "y": 0,
      "floor": 1
    }
  },
  {
    "_id": {
      "$oid": "6876a104e6ad6aa8e98c029f"
    },
    "itemID": 5,
    "itemName": "Frozen Pizza",
    "quantity": 50,
    "locationID": "B01.2",
    "locationCoordinates": {
      "x": 1,
      "y": 2,
      "floor": 2
    },
    "storedBy": "picker",
    "storedAt": {
      "$date": "2025-07-15T18:42:12.493Z"
    },
    "action": "stored",
    "category": "M",
    "condition": "good",
    "receivingID": 3
  },
  {
    "_id": {
      "$oid": "6876a10be6ad6aa8e98c02a4"
    },
    "locationID": "B01.2",
    "action": "stored",
    "itemID": 5,
    "item_name": "Frozen Pizza",
    "quantity": 50,
    "category": "General",
    "stored_by": "picker",
    "stored_at": "2025-07-15T18:42:19.922646",
    "receiving_id": 3,
    "predicted_location": null,
    "location_match": false,
    "coordinates": {
      "x": 0,
      "y": 0,
      "floor": 1
    }
  },
  {
    "_id": {
      "$oid": "6876a116e6ad6aa8e98c02ab"
    },
    "itemID": 5,
    "itemName": "Frozen Pizza",
    "quantity": 50,
    "locationID": "B01.2",
    "locationCoordinates": {
      "x": 1,
      "y": 2,
      "floor": 2
    },
    "storedBy": "picker",
    "storedAt": {
      "$date": "2025-07-15T18:42:30.210Z"
    },
    "action": "stored",
    "category": "M",
    "condition": "good",
    "receivingID": 3
  },
  {
    "_id": {
      "$oid": "6876a147e6ad6aa8e98c02c0"
    },
    "itemID": 2,
    "itemName": "Laptop ABC",
    "quantity": 2,
    "locationID": "B01.3",
    "locationCoordinates": {
      "x": 1,
      "y": 2,
      "floor": 3
    },
    "storedBy": "picker",
    "storedAt": {
      "$date": "2025-07-15T18:43:19.313Z"
    },
    "action": "stored",
    "category": "M",
    "condition": "good",
    "receivingID": 10
  },
  {
    "_id": {
      "$oid": "6876a14ee6ad6aa8e98c02c5"
    },
    "locationID": "B01.3",
    "action": "stored",
    "itemID": 2,
    "item_name": "Laptop ABC",
    "quantity": 2,
    "category": "General",
    "stored_by": "picker",
    "stored_at": "2025-07-15T18:43:26.644839",
    "receiving_id": 8,
    "predicted_location": "B01.1",
    "location_match": false,
    "coordinates": {
      "x": 0,
      "y": 0,
      "floor": 1
    }
  },
  {
    "_id": {
      "$oid": "6876a161e6ad6aa8e98c02d4"
    },
    "itemID": 2,
    "itemName": "Laptop ABC",
    "quantity": 2,
    "locationID": "B01.4",
    "locationCoordinates": {
      "x": 1,
      "y": 2,
      "floor": 4
    },
    "storedBy": "picker",
    "storedAt": {
      "$date": "2025-07-15T18:43:45.787Z"
    },
    "action": "stored",
    "category": "M",
    "condition": "good",
    "receivingID": 10
  },
  {
    "_id": {
      "$oid": "6876a169e6ad6aa8e98c02d9"
    },
    "locationID": "B01.4",
    "action": "stored",
    "itemID": 2,
    "item_name": "Laptop ABC",
    "quantity": 2,
    "category": "General",
    "stored_by": "picker",
    "stored_at": "2025-07-15T18:43:53.739456",
    "receiving_id": 9,
    "predicted_location": "B01.1",
    "location_match": false,
    "coordinates": {
      "x": 0,
      "y": 0,
      "floor": 1
    }
  },
  {
    "_id": {
      "$oid": "6876a17ce6ad6aa8e98c02e8"
    },
    "itemID": 2,
    "itemName": "Laptop ABC",
    "quantity": 2,
    "locationID": "B02.1",
    "locationCoordinates": {
      "x": 1,
      "y": 3,
      "floor": 1
    },
    "storedBy": "picker",
    "storedAt": {
      "$date": "2025-07-15T18:44:12.848Z"
    },
    "action": "stored",
    "category": "M",
    "condition": "good",
    "receivingID": 10
  },
  {
    "_id": {
      "$oid": "6876a184e6ad6aa8e98c02ed"
    },
    "locationID": "B02.1",
    "action": "stored",
    "itemID": 2,
    "item_name": "Laptop ABC",
    "quantity": 2,
    "category": "Electronics",
    "stored_by": "picker",
    "stored_at": "2025-07-15T18:44:20.362782",
    "receiving_id": 10,
    "predicted_location": null,
    "location_match": false,
    "coordinates": {
      "x": 0,
      "y": 0,
      "floor": 1
    }
  },
  {
    "_id": {
      "$oid": "6877223541d5af7e34a1e159"
    },
    "itemID": 6,
    "itemName": "Fresh Vegetables",
    "quantity": 75,
    "locationID": "D01.1",
    "locationCoordinates": {
      "x": 3,
      "y": 10,
      "floor": 1
    },
    "storedBy": "picker",
    "storedAt": {
      "$date": "2025-07-16T03:53:25.152Z"
    },
    "action": "stored",
    "category": "L",
    "condition": "good",
    "receivingID": 3
  },
  {
    "_id": {
      "$oid": "6877240441d5af7e34a1e1b7"
    },
    "itemID": 4,
    "itemName": "Jeans Medium",
    "quantity": 2,
    "locationID": "B02.2",
    "locationCoordinates": {
      "x": 1,
      "y": 3,
      "floor": 2
    },
    "storedBy": "picker",
    "storedAt": {
      "$date": "2025-07-16T04:01:08.280Z"
    },
    "action": "stored",
    "category": "M",
    "condition": "good",
    "receivingID": 7
  },
  {
    "_id": {
      "$oid": "6877245341d5af7e34a1e1c7"
    },
    "locationID": "B02.2",
    "action": "stored",
    "itemID": 4,
    "item_name": "Jeans Medium",
    "quantity": 2,
    "category": "General",
    "stored_by": "picker",
    "stored_at": "2025-07-16T04:02:27.572693",
    "receiving_id": 7,
    "predicted_location": "B01.1",
    "location_match": false,
    "coordinates": {
      "x": 0,
      "y": 0,
      "floor": 1
    }
  },
  {
    "_id": {
      "$oid": "687727d841d5af7e34a1e262"
    },
    "itemID": 3,
    "itemName": "T-shirt Large",
    "quantity": 5,
    "locationID": "D01.1",
    "locationCoordinates": {
      "x": 3,
      "y": 10,
      "floor": 1
    },
    "storedBy": "picker",
    "storedAt": {
      "$date": "2025-07-16T04:17:28.163Z"
    },
    "action": "stored",
    "category": "L",
    "condition": "good",
    "receivingID": 6
  },
  {
    "_id": {
      "$oid": "6877283a41d5af7e34a1e275"
    },
    "locationID": "D01.1",
    "action": "stored",
    "itemID": 3,
    "item_name": "T-shirt Large",
    "quantity": 5,
    "category": "General",
    "stored_by": "picker",
    "stored_at": "2025-07-16T04:19:06.591245",
    "receiving_id": 6,
    "predicted_location": "D01.1",
    "location_match": true,
    "coordinates": {
      "x": 0,
      "y": 0,
      "floor": 1
    }
  },
  {
    "_id": {
      "$oid": "68788575a169ca12a12199d7"
    },
    "itemID": 2,
    "itemName": "Laptop ABC",
    "quantity": 30,
    "locationID": "B01.1",
    "locationCoordinates": {
      "x": 1,
      "y": 2,
      "floor": 1
    },
    "storedBy": "picker",
    "storedAt": {
      "$date": "2025-07-17T05:09:09.628Z"
    },
    "action": "stored",
    "category": "M",
    "condition": "good",
    "receivingID": 11
  },
  {
    "_id": {
      "$oid": "6878857fa169ca12a12199dc"
    },
    "locationID": "B01.1",
    "action": "stored",
    "itemID": 2,
    "item_name": "Laptop ABC",
    "quantity": 30,
    "category": "Electronics",
    "stored_by": "picker",
    "stored_at": "2025-07-17T05:09:19.151596",
    "receiving_id": 11,
    "predicted_location": null,
    "location_match": false,
    "coordinates": {
      "x": 0,
      "y": 0,
      "floor": 1
    }
  },
  {
    "_id": {
      "$oid": "687885a9a169ca12a12199fb"
    },
    "itemID": 1,
    "itemName": "Smartphone XYZ",
    "quantity": 10,
    "locationID": "P01.1",
    "locationCoordinates": {
      "x": 7,
      "y": 2,
      "floor": 1
    },
    "storedBy": "picker",
    "storedAt": {
      "$date": "2025-07-17T05:10:01.106Z"
    },
    "action": "stored",
    "category": "S",
    "condition": "good",
    "receivingID": 4
  },
  {
    "_id": {
      "$oid": "687885b2a169ca12a1219a00"
    },
    "locationID": "P01.1",
    "action": "stored",
    "itemID": 1,
    "item_name": "Smartphone XYZ",
    "quantity": 10,
    "category": "General",
    "stored_by": "picker",
    "stored_at": "2025-07-17T05:10:10.453579",
    "receiving_id": 4,
    "predicted_location": "P01.1",
    "location_match": true,
    "coordinates": {
      "x": 0,
      "y": 0,
      "floor": 1
    }
  },
  {
    "_id": {
      "$oid": "687886e0a169ca12a1219a7f"
    },
    "itemID": 4,
    "itemName": "Jeans Medium",
    "quantity": 20,
    "locationID": 4,
    "locationCoordinates": {
      "x": 1,
      "y": 5,
      "floor": 1
    },
    "storedBy": "picker",
    "storedAt": {
      "$date": "2025-07-17T05:15:12.213Z"
    },
    "category": "General",
    "action": "collected"
  },
  {
    "_id": {
      "$oid": "687886f3a169ca12a1219a8c"
    },
    "itemID": 8,
    "itemName": "Item 8",
    "quantity": 15,
    "locationID": "D05.1",
    "locationCoordinates": {
      "x": 0,
      "y": 0,
      "floor": 1
    },
    "storedBy": "picker",
    "storedAt": {
      "$date": "2025-07-17T05:15:31.100Z"
    },
    "category": "General",
    "action": "collected"
  },
  {
    "_id": {
      "$oid": "68791cf7adbd4b54c2e79bf4"
    },
    "itemID": 6,
    "itemName": "Fresh Vegetables",
    "quantity": 75,
    "locationID": "D01.1",
    "locationCoordinates": {
      "x": 3,
      "y": 10,
      "floor": 1
    },
    "storedBy": "picker",
    "storedAt": {
      "$date": "2025-07-17T15:55:35.377Z"
    },
    "action": "stored",
    "category": "L",
    "condition": "good",
    "receivingID": 3
  },
  {
    "_id": {
      "$oid": "68791d40adbd4b54c2e79c22"
    },
    "itemID": 3,
    "itemName": "T-shirt Large",
    "quantity": 50,
    "locationID": "D01.1",
    "locationCoordinates": {
      "x": 3,
      "y": 10,
      "floor": 1
    },
    "storedBy": "picker",
    "storedAt": {
      "$date": "2025-07-17T15:56:48.104Z"
    },
    "action": "stored",
    "category": "L",
    "condition": "good",
    "receivingID": 15
  },
  {
    "_id": {
      "$oid": "68791d4dadbd4b54c2e79c2a"
    },
    "locationID": "D01.1",
    "action": "stored",
    "itemID": 3,
    "item_name": "T-shirt Large",
    "quantity": 50,
    "category": "Clothing",
    "stored_by": "picker",
    "stored_at": "2025-07-17T15:57:01.861636",
    "receiving_id": 15,
    "predicted_location": null,
    "location_match": false,
    "coordinates": {
      "x": 0,
      "y": 0,
      "floor": 1
    }
  },
  {
    "_id": {
      "$oid": "68791f4aadbd4b54c2e79d49"
    },
    "itemID": 2,
    "itemName": "Laptop ABC",
    "quantity": 2,
    "locationID": 2,
    "locationCoordinates": {
      "x": 1,
      "y": 3,
      "floor": 1
    },
    "storedBy": "picker",
    "storedAt": {
      "$date": "2025-07-17T16:05:30.467Z"
    },
    "category": "General",
    "action": "collected"
  },
  {
    "_id": {
      "$oid": "68791f7dadbd4b54c2e79d5f"
    },
    "itemID": 2,
    "itemName": "Laptop ABC",
    "quantity": 2,
    "locationID": 2,
    "locationCoordinates": {
      "x": 1,
      "y": 3,
      "floor": 1
    },
    "storedBy": "picker",
    "storedAt": {
      "$date": "2025-07-17T16:06:21.734Z"
    },
    "category": "General",
    "action": "collected"
  },
  {
    "_id": {
      "$oid": "68791fb0adbd4b54c2e79d79"
    },
    "itemID": 3,
    "itemName": "Item 3",
    "quantity": 10,
    "locationID": 3,
    "locationCoordinates": {
      "x": 0,
      "y": 0,
      "floor": 1
    },
    "storedBy": "picker",
    "storedAt": {
      "$date": "2025-07-17T16:07:12.063Z"
    },
    "category": "General",
    "action": "collected"
  },
  {
    "_id": {
      "$oid": "687a387fbd06a94497ee1ff7"
    },
    "itemID": 4,
    "itemName": "Jeans Medium",
    "quantity": 20,
    "locationID": 4,
    "locationCoordinates": {
      "x": 1,
      "y": 5,
      "floor": 1
    },
    "storedBy": "picker",
    "storedAt": {
      "$date": "2025-07-18T12:05:19.499Z"
    },
    "category": "General",
    "action": "collected"
  },
  {
    "_id": {
      "$oid": "687a38ccbd06a94497ee2013"
    },
    "itemID": 8,
    "itemName": "Item 8",
    "quantity": 15,
    "locationID": "D05.1",
    "locationCoordinates": {
      "x": 0,
      "y": 0,
      "floor": 1
    },
    "storedBy": "picker",
    "storedAt": {
      "$date": "2025-07-18T12:06:36.986Z"
    },
    "category": "General",
    "action": "collected"
  },
  {
    "_id": {
      "$oid": "687a3efaf43a2714babe0067"
    },
    "itemID": 4,
    "itemName": "Jeans Medium",
    "quantity": 20,
    "locationID": 4,
    "locationCoordinates": {
      "x": 1,
      "y": 5,
      "floor": 1
    },
    "storedBy": "picker",
    "storedAt": {
      "$date": "2025-07-18T12:32:58.863Z"
    },
    "category": "General",
    "action": "collected"
  },
  {
    "_id": {
      "$oid": "687a3f51f43a2714babe008f"
    },
    "itemID": 8,
    "itemName": "Item 8",
    "quantity": 15,
    "locationID": "D05.1",
    "locationCoordinates": {
      "x": 0,
      "y": 0,
      "floor": 1
    },
    "storedBy": "picker",
    "storedAt": {
      "$date": "2025-07-18T12:34:25.111Z"
    },
    "category": "General",
    "action": "collected"
  },
  {
    "_id": {
      "$oid": "687a4636f43a2714babe022a"
    },
    "itemID": 4,
    "itemName": "Jeans Medium",
    "quantity": 20,
    "locationID": 4,
    "locationCoordinates": {
      "x": 1,
      "y": 5,
      "floor": 1
    },
    "storedBy": "picker",
    "storedAt": {
      "$date": "2025-07-18T13:03:50.869Z"
    },
    "category": "General",
    "action": "collected"
  },
  {
    "_id": {
      "$oid": "687a4716f43a2714babe026a"
    },
    "itemID": 8,
    "itemName": "Item 8",
    "quantity": 15,
    "locationID": "D05.1",
    "locationCoordinates": {
      "x": 0,
      "y": 0,
      "floor": 1
    },
    "storedBy": "picker",
    "storedAt": {
      "$date": "2025-07-18T13:07:34.894Z"
    },
    "category": "General",
    "action": "collected"
  }
]