[
  {
    "_id": {
      "$oid": "684707ceee1a259bd0095324"
    },
    "supplierID": 1,
    "name": "Electronics Supplier",
    "contact": "Sarah Johnson",
    "email": "contact@electronics-supplier.com",
    "phone": "+1122334455",
    "address": "555 Component St, Tech City",
    "created_at": {
      "$date": "2025-06-09T16:11:58.500Z"
    },
    "updated_at": {
      "$date": "2025-06-09T16:11:58.500Z"
    }
  },
  {
    "_id": {
      "$oid": "684707ceee1a259bd0095325"
    },
    "supplierID": 2,
    "name": "Clothing Manufacturer",
    "contact": "Mike Wong",
    "email": "contact@clothing-manufacturer.com",
    "phone": "+1122334456",
    "address": "777 Fabric Ave, Fashion District",
    "created_at": {
      "$date": "2025-06-09T16:11:58.500Z"
    },
    "updated_at": {
      "$date": "2025-06-09T16:11:58.500Z"
    }
  },
  {
    "_id": {
      "$oid": "684707ceee1a259bd0095326"
    },
    "supplierID": 3,
    "name": "Food Distributor",
    "contact": "Anna Martinez",
    "email": "contact@food-distributor.com",
    "phone": "+1122334457",
    "address": "888 Freshness Rd, Harvest Valley",
    "created_at": {
      "$date": "2025-06-09T16:11:58.500Z"
    },
    "updated_at": {
      "$date": "2025-06-09T16:11:58.500Z"
    }
  }
]