[
  {
    "_id": {
      "$oid": "684707cfee1a259bd0095347"
    },
    "vehicleID": 1,
    "vehicle_type": "truck",
    "license_plate": "ABC-1234",
    "capacity": 2500.0,
    "volume": 20.0,
    "model": "ACME Truck 3000",
    "year": 2020,
    "status": "available",
    "last_maintenance_date": {
      "$date": "2025-05-10T16:11:59.047Z"
    },
    "next_maintenance_date": {
      "$date": "2025-08-08T16:11:59.047Z"
    },
    "created_at": {
      "$date": "2025-06-09T16:11:59.048Z"
    },
    "updated_at": {
      "$date": "2025-06-09T16:11:59.048Z"
    }
  },
  {
    "_id": {
      "$oid": "684707cfee1a259bd0095348"
    },
    "vehicleID": 2,
    "vehicle_type": "van",
    "license_plate": "DEF-5678",
    "capacity": 1000.0,
    "volume": 10.0,
    "model": "Speedy Delivery Van",
    "year": 2021,
    "status": "available",
    "last_maintenance_date": {
      "$date": "2025-05-25T16:11:59.049Z"
    },
    "next_maintenance_date": {
      "$date": "2025-08-23T16:11:59.049Z"
    },
    "created_at": {
      "$date": "2025-06-09T16:11:59.050Z"
    },
    "updated_at": {
      "$date": "2025-06-09T16:11:59.050Z"
    }
  },
  {
    "_id": {
      "$oid": "684707cfee1a259bd0095349"
    },
    "vehicleID": 3,
    "vehicle_type": "truck",
    "license_plate": "GHI-9012",
    "capacity": 3000.0,
    "volume": 25.0,
    "model": "Heavy Hauler 5000",
    "year": 2019,
    "status": "maintenance",
    "last_maintenance_date": {
      "$date": "2025-06-04T16:11:59.050Z"
    },
    "next_maintenance_date": {
      "$date": "2025-09-02T16:11:59.051Z"
    },
    "created_at": {
      "$date": "2025-06-09T16:11:59.051Z"
    },
    "updated_at": {
      "$date": "2025-06-09T16:11:59.051Z"
    }
  }
]