[
  {
    "_id": {
      "$oid": "684707ccee1a259bd0095154"
    },
    "warehouseID": 1,
    "name": "Main Warehouse",
    "location": "123 Storage Ave, Warehouse City",
    "capacity": 10000,
    "available_storage": 8500,
    "created_at": {
      "$date": "2025-06-09T16:11:56.031Z"
    },
    "updated_at": {
      "$date": "2025-06-09T16:11:56.031Z"
    }
  },
  {
    "_id": {
      "$oid": "684707ccee1a259bd0095155"
    },
    "warehouseID": 2,
    "name": "East Distribution Center",
    "location": "456 Logistics Blvd, East Town",
    "capacity": 5000,
    "available_storage": 4000,
    "created_at": {
      "$date": "2025-06-09T16:11:56.032Z"
    },
    "updated_at": {
      "$date": "2025-06-09T16:11:56.032Z"
    }
  }
]